image_path_x,Dry_Clover_g,Dry_Dead_g,Dry_Green_g,Dry_Total_g,GDM_g,image_id,sample_id,image_path_y,Sampling_Date,State,Species,Pre_GSHH_NDVI,Height_Ave_cm,target_name,target,year,month,day_of_year,season
data/train/ID1437386574.jpg,5.0001,3.7122,44.1677,52.88,49.1678,ID1437386574.jpg,ID1437386574__Dry_Clover_g,train/ID1437386574.jpg,2015-09-30,Vic,Phalaris_Clover,0.75,6.0,Dry_Clover_g,5.0001,2015,9,273,Autumn
data/train/ID1437386574.jpg,5.0001,3.7122,44.1677,52.88,49.1678,ID1437386574.jpg,ID1437386574__Dry_Dead_g,train/ID1437386574.jpg,2015-09-30,Vic,Phalaris_Clover,0.75,6.0,Dry_Dead_g,3.7122,2015,9,273,Autumn
data/train/ID1437386574.jpg,5.0001,3.7122,44.1677,52.88,49.1678,ID1437386574.jpg,ID1437386574__Dry_Green_g,train/ID1437386574.jpg,2015-09-30,Vic,Phalaris_Clover,0.75,6.0,Dry_Green_g,44.1677,2015,9,273,Autumn
data/train/ID1437386574.jpg,5.0001,3.7122,44.1677,52.88,49.1678,ID1437386574.jpg,ID1437386574__Dry_Total_g,train/ID1437386574.jpg,2015-09-30,Vic,Phalaris_Clover,0.75,6.0,Dry_Total_g,52.88,2015,9,273,Autumn
data/train/ID1437386574.jpg,5.0001,3.7122,44.1677,52.88,49.1678,ID1437386574.jpg,ID1437386574__GDM_g,train/ID1437386574.jpg,2015-09-30,Vic,Phalaris_Clover,0.75,6.0,GDM_g,49.1678,2015,9,273,Autumn
data/train/ID1859251563.jpg,0.0,6.9,119.6,126.5,119.6,ID1859251563.jpg,ID1859251563__Dry_Clover_g,train/ID1859251563.jpg,2015-01-15,NSW,Lucerne,0.83,70.0,Dry_Clover_g,0.0,2015,1,15,Winter
data/train/ID1859251563.jpg,0.0,6.9,119.6,126.5,119.6,ID1859251563.jpg,ID1859251563__Dry_Dead_g,train/ID1859251563.jpg,2015-01-15,NSW,Lucerne,0.83,70.0,Dry_Dead_g,6.9,2015,1,15,Winter
data/train/ID1859251563.jpg,0.0,6.9,119.6,126.5,119.6,ID1859251563.jpg,ID1859251563__Dry_Green_g,train/ID1859251563.jpg,2015-01-15,NSW,Lucerne,0.83,70.0,Dry_Green_g,119.6,2015,1,15,Winter
data/train/ID1859251563.jpg,0.0,6.9,119.6,126.5,119.6,ID1859251563.jpg,ID1859251563__Dry_Total_g,train/ID1859251563.jpg,2015-01-15,NSW,Lucerne,0.83,70.0,Dry_Total_g,126.5,2015,1,15,Winter
data/train/ID1859251563.jpg,0.0,6.9,119.6,126.5,119.6,ID1859251563.jpg,ID1859251563__GDM_g,train/ID1859251563.jpg,2015-01-15,NSW,Lucerne,0.83,70.0,GDM_g,119.6,2015,1,15,Winter
data/train/ID1859792585.jpg,0.7708,30.83,22.6087,54.2095,23.3794,ID1859792585.jpg,ID1859792585__Dry_Clover_g,train/ID1859792585.jpg,2015-05-18,Tas,Ryegrass,0.62,4.0,Dry_Clover_g,0.7708,2015,5,138,Spring
data/train/ID1859792585.jpg,0.7708,30.83,22.6087,54.2095,23.3794,ID1859792585.jpg,ID1859792585__Dry_Dead_g,train/ID1859792585.jpg,2015-05-18,Tas,Ryegrass,0.62,4.0,Dry_Dead_g,30.83,2015,5,138,Spring
data/train/ID1859792585.jpg,0.7708,30.83,22.6087,54.2095,23.3794,ID1859792585.jpg,ID1859792585__Dry_Green_g,train/ID1859792585.jpg,2015-05-18,Tas,Ryegrass,0.62,4.0,Dry_Green_g,22.6087,2015,5,138,Spring
data/train/ID1859792585.jpg,0.7708,30.83,22.6087,54.2095,23.3794,ID1859792585.jpg,ID1859792585__Dry_Total_g,train/ID1859792585.jpg,2015-05-18,Tas,Ryegrass,0.62,4.0,Dry_Total_g,54.2095,2015,5,138,Spring
data/train/ID1859792585.jpg,0.7708,30.83,22.6087,54.2095,23.3794,ID1859792585.jpg,ID1859792585__GDM_g,train/ID1859792585.jpg,2015-05-18,Tas,Ryegrass,0.62,4.0,GDM_g,23.3794,2015,5,138,Spring
data/train/ID1868719645.jpg,4.8348,2.4174,20.5478,27.8,25.3826,ID1868719645.jpg,ID1868719645__Dry_Clover_g,train/ID1868719645.jpg,2015-07-02,Vic,Ryegrass_Clover,0.77,4.0,Dry_Clover_g,4.8348,2015,7,183,Summer
data/train/ID1868719645.jpg,4.8348,2.4174,20.5478,27.8,25.3826,ID1868719645.jpg,ID1868719645__Dry_Dead_g,train/ID1868719645.jpg,2015-07-02,Vic,Ryegrass_Clover,0.77,4.0,Dry_Dead_g,2.4174,2015,7,183,Summer
data/train/ID1868719645.jpg,4.8348,2.4174,20.5478,27.8,25.3826,ID1868719645.jpg,ID1868719645__Dry_Green_g,train/ID1868719645.jpg,2015-07-02,Vic,Ryegrass_Clover,0.77,4.0,Dry_Green_g,20.5478,2015,7,183,Summer
data/train/ID1868719645.jpg,4.8348,2.4174,20.5478,27.8,25.3826,ID1868719645.jpg,ID1868719645__Dry_Total_g,train/ID1868719645.jpg,2015-07-02,Vic,Ryegrass_Clover,0.77,4.0,Dry_Total_g,27.8,2015,7,183,Summer
data/train/ID1868719645.jpg,4.8348,2.4174,20.5478,27.8,25.3826,ID1868719645.jpg,ID1868719645__GDM_g,train/ID1868719645.jpg,2015-07-02,Vic,Ryegrass_Clover,0.77,4.0,GDM_g,25.3826,2015,7,183,Summer
data/train/ID1874904894.jpg,0.0,29.1542,4.1458,33.3,4.1458,ID1874904894.jpg,ID1874904894__Dry_Clover_g,train/ID1874904894.jpg,2015-10-13,Vic,Phalaris_BarleyGrass_SilverGrass_SpearGrass_Clover_Capeweed,0.3,3.0,Dry_Clover_g,0.0,2015,10,286,Autumn
data/train/ID1874904894.jpg,0.0,29.1542,4.1458,33.3,4.1458,ID1874904894.jpg,ID1874904894__Dry_Dead_g,train/ID1874904894.jpg,2015-10-13,Vic,Phalaris_BarleyGrass_SilverGrass_SpearGrass_Clover_Capeweed,0.3,3.0,Dry_Dead_g,29.1542,2015,10,286,Autumn
data/train/ID1874904894.jpg,0.0,29.1542,4.1458,33.3,4.1458,ID1874904894.jpg,ID1874904894__Dry_Green_g,train/ID1874904894.jpg,2015-10-13,Vic,Phalaris_BarleyGrass_SilverGrass_SpearGrass_Clover_Capeweed,0.3,3.0,Dry_Green_g,4.1458,2015,10,286,Autumn
data/train/ID1874904894.jpg,0.0,29.1542,4.1458,33.3,4.1458,ID1874904894.jpg,ID1874904894__Dry_Total_g,train/ID1874904894.jpg,2015-10-13,Vic,Phalaris_BarleyGrass_SilverGrass_SpearGrass_Clover_Capeweed,0.3,3.0,Dry_Total_g,33.3,2015,10,286,Autumn
data/train/ID1874904894.jpg,0.0,29.1542,4.1458,33.3,4.1458,ID1874904894.jpg,ID1874904894__GDM_g,train/ID1874904894.jpg,2015-10-13,Vic,Phalaris_BarleyGrass_SilverGrass_SpearGrass_Clover_Capeweed,0.3,3.0,GDM_g,4.1458,2015,10,286,Autumn
data/train/ID1876271942.jpg,0.0,8.3614,47.9386,56.3,47.9386,ID1876271942.jpg,ID1876271942__Dry_Clover_g,train/ID1876271942.jpg,2015-02-24,NSW,Ryegrass,0.68,10.0,Dry_Clover_g,0.0,2015,2,55,Winter
data/train/ID1876271942.jpg,0.0,8.3614,47.9386,56.3,47.9386,ID1876271942.jpg,ID1876271942__Dry_Dead_g,train/ID1876271942.jpg,2015-02-24,NSW,Ryegrass,0.68,10.0,Dry_Dead_g,8.3614,2015,2,55,Winter
data/train/ID1876271942.jpg,0.0,8.3614,47.9386,56.3,47.9386,ID1876271942.jpg,ID1876271942__Dry_Green_g,train/ID1876271942.jpg,2015-02-24,NSW,Ryegrass,0.68,10.0,Dry_Green_g,47.9386,2015,2,55,Winter
data/train/ID1876271942.jpg,0.0,8.3614,47.9386,56.3,47.9386,ID1876271942.jpg,ID1876271942__Dry_Total_g,train/ID1876271942.jpg,2015-02-24,NSW,Ryegrass,0.68,10.0,Dry_Total_g,56.3,2015,2,55,Winter
data/train/ID1876271942.jpg,0.0,8.3614,47.9386,56.3,47.9386,ID1876271942.jpg,ID1876271942__GDM_g,train/ID1876271942.jpg,2015-02-24,NSW,Ryegrass,0.68,10.0,GDM_g,47.9386,2015,2,55,Winter
data/train/ID1880764911.jpg,5.9821,21.9343,15.1546,43.0709,21.1367,ID1880764911.jpg,ID1880764911__Dry_Clover_g,train/ID1880764911.jpg,2015-05-18,Tas,Ryegrass,0.52,5.0,Dry_Clover_g,5.9821,2015,5,138,Spring
data/train/ID1880764911.jpg,5.9821,21.9343,15.1546,43.0709,21.1367,ID1880764911.jpg,ID1880764911__Dry_Dead_g,train/ID1880764911.jpg,2015-05-18,Tas,Ryegrass,0.52,5.0,Dry_Dead_g,21.9343,2015,5,138,Spring
data/train/ID1880764911.jpg,5.9821,21.9343,15.1546,43.0709,21.1367,ID1880764911.jpg,ID1880764911__Dry_Green_g,train/ID1880764911.jpg,2015-05-18,Tas,Ryegrass,0.52,5.0,Dry_Green_g,15.1546,2015,5,138,Spring
data/train/ID1880764911.jpg,5.9821,21.9343,15.1546,43.0709,21.1367,ID1880764911.jpg,ID1880764911__Dry_Total_g,train/ID1880764911.jpg,2015-05-18,Tas,Ryegrass,0.52,5.0,Dry_Total_g,43.0709,2015,5,138,Spring
data/train/ID1880764911.jpg,5.9821,21.9343,15.1546,43.0709,21.1367,ID1880764911.jpg,ID1880764911__GDM_g,train/ID1880764911.jpg,2015-05-18,Tas,Ryegrass,0.52,5.0,GDM_g,21.1367,2015,5,138,Spring
data/train/ID1888700589.jpg,1.62,0.0,20.9,22.52,22.52,ID1888700589.jpg,ID1888700589__Dry_Clover_g,train/ID1888700589.jpg,2015-07-08,WA,Clover,0.64,2.0,Dry_Clover_g,1.62,2015,7,189,Summer
data/train/ID1888700589.jpg,1.62,0.0,20.9,22.52,22.52,ID1888700589.jpg,ID1888700589__Dry_Dead_g,train/ID1888700589.jpg,2015-07-08,WA,Clover,0.64,2.0,Dry_Dead_g,0.0,2015,7,189,Summer
data/train/ID1888700589.jpg,1.62,0.0,20.9,22.52,22.52,ID1888700589.jpg,ID1888700589__Dry_Green_g,train/ID1888700589.jpg,2015-07-08,WA,Clover,0.64,2.0,Dry_Green_g,20.9,2015,7,189,Summer
data/train/ID1888700589.jpg,1.62,0.0,20.9,22.52,22.52,ID1888700589.jpg,ID1888700589__Dry_Total_g,train/ID1888700589.jpg,2015-07-08,WA,Clover,0.64,2.0,Dry_Total_g,22.52,2015,7,189,Summer
data/train/ID1888700589.jpg,1.62,0.0,20.9,22.52,22.52,ID1888700589.jpg,ID1888700589__GDM_g,train/ID1888700589.jpg,2015-07-08,WA,Clover,0.64,2.0,GDM_g,22.52,2015,7,189,Summer
data/train/ID1889150649.jpg,2.48,0.0,0.0,2.48,2.48,ID1889150649.jpg,ID1889150649__Dry_Clover_g,train/ID1889150649.jpg,2015-09-01,WA,SubcloverLosa,0.32,1.0,Dry_Clover_g,2.48,2015,9,244,Autumn
data/train/ID1889150649.jpg,2.48,0.0,0.0,2.48,2.48,ID1889150649.jpg,ID1889150649__Dry_Dead_g,train/ID1889150649.jpg,2015-09-01,WA,SubcloverLosa,0.32,1.0,Dry_Dead_g,0.0,2015,9,244,Autumn
data/train/ID1889150649.jpg,2.48,0.0,0.0,2.48,2.48,ID1889150649.jpg,ID1889150649__Dry_Green_g,train/ID1889150649.jpg,2015-09-01,WA,SubcloverLosa,0.32,1.0,Dry_Green_g,0.0,2015,9,244,Autumn
data/train/ID1889150649.jpg,2.48,0.0,0.0,2.48,2.48,ID1889150649.jpg,ID1889150649__Dry_Total_g,train/ID1889150649.jpg,2015-09-01,WA,SubcloverLosa,0.32,1.0,Dry_Total_g,2.48,2015,9,244,Autumn
data/train/ID1889150649.jpg,2.48,0.0,0.0,2.48,2.48,ID1889150649.jpg,ID1889150649__GDM_g,train/ID1889150649.jpg,2015-09-01,WA,SubcloverLosa,0.32,1.0,GDM_g,2.48,2015,9,244,Autumn
data/train/ID1894998379.jpg,13.4778,35.0985,8.4236,57.0,21.9015,ID1894998379.jpg,ID1894998379__Dry_Clover_g,train/ID1894998379.jpg,2015-10-13,Vic,Phalaris_BarleyGrass_SilverGrass_SpearGrass_Clover_Capeweed,0.42,4.3,Dry_Clover_g,13.4778,2015,10,286,Autumn
data/train/ID1894998379.jpg,13.4778,35.0985,8.4236,57.0,21.9015,ID1894998379.jpg,ID1894998379__Dry_Dead_g,train/ID1894998379.jpg,2015-10-13,Vic,Phalaris_BarleyGrass_SilverGrass_SpearGrass_Clover_Capeweed,0.42,4.3,Dry_Dead_g,35.0985,2015,10,286,Autumn
data/train/ID1894998379.jpg,13.4778,35.0985,8.4236,57.0,21.9015,ID1894998379.jpg,ID1894998379__Dry_Green_g,train/ID1894998379.jpg,2015-10-13,Vic,Phalaris_BarleyGrass_SilverGrass_SpearGrass_Clover_Capeweed,0.42,4.3,Dry_Green_g,8.4236,2015,10,286,Autumn
data/train/ID1894998379.jpg,13.4778,35.0985,8.4236,57.0,21.9015,ID1894998379.jpg,ID1894998379__Dry_Total_g,train/ID1894998379.jpg,2015-10-13,Vic,Phalaris_BarleyGrass_SilverGrass_SpearGrass_Clover_Capeweed,0.42,4.3,Dry_Total_g,57.0,2015,10,286,Autumn
data/train/ID1894998379.jpg,13.4778,35.0985,8.4236,57.0,21.9015,ID1894998379.jpg,ID1894998379__GDM_g,train/ID1894998379.jpg,2015-10-13,Vic,Phalaris_BarleyGrass_SilverGrass_SpearGrass_Clover_Capeweed,0.42,4.3,GDM_g,21.9015,2015,10,286,Autumn
data/train/ID1899025384.jpg,0.4133,8.6803,11.1604,20.254,11.5737,ID1899025384.jpg,ID1899025384__Dry_Clover_g,train/ID1899025384.jpg,2015-06-26,Tas,Ryegrass_Clover,0.7,4.0,Dry_Clover_g,0.4133,2015,6,177,Summer
data/train/ID1899025384.jpg,0.4133,8.6803,11.1604,20.254,11.5737,ID1899025384.jpg,ID1899025384__Dry_Dead_g,train/ID1899025384.jpg,2015-06-26,Tas,Ryegrass_Clover,0.7,4.0,Dry_Dead_g,8.6803,2015,6,177,Summer
data/train/ID1899025384.jpg,0.4133,8.6803,11.1604,20.254,11.5737,ID1899025384.jpg,ID1899025384__Dry_Green_g,train/ID1899025384.jpg,2015-06-26,Tas,Ryegrass_Clover,0.7,4.0,Dry_Green_g,11.1604,2015,6,177,Summer
data/train/ID1899025384.jpg,0.4133,8.6803,11.1604,20.254,11.5737,ID1899025384.jpg,ID1899025384__Dry_Total_g,train/ID1899025384.jpg,2015-06-26,Tas,Ryegrass_Clover,0.7,4.0,Dry_Total_g,20.254,2015,6,177,Summer
data/train/ID1899025384.jpg,0.4133,8.6803,11.1604,20.254,11.5737,ID1899025384.jpg,ID1899025384__GDM_g,train/ID1899025384.jpg,2015-06-26,Tas,Ryegrass_Clover,0.7,4.0,GDM_g,11.5737,2015,6,177,Summer
data/train/ID1920959057.jpg,3.5619,2.6714,12.4667,18.7,16.0286,ID1920959057.jpg,ID1920959057__Dry_Clover_g,train/ID1920959057.jpg,2015-07-02,Vic,Ryegrass_Clover,0.74,3.0,Dry_Clover_g,3.5619,2015,7,183,Summer
data/train/ID1920959057.jpg,3.5619,2.6714,12.4667,18.7,16.0286,ID1920959057.jpg,ID1920959057__Dry_Dead_g,train/ID1920959057.jpg,2015-07-02,Vic,Ryegrass_Clover,0.74,3.0,Dry_Dead_g,2.6714,2015,7,183,Summer
data/train/ID1920959057.jpg,3.5619,2.6714,12.4667,18.7,16.0286,ID1920959057.jpg,ID1920959057__Dry_Green_g,train/ID1920959057.jpg,2015-07-02,Vic,Ryegrass_Clover,0.74,3.0,Dry_Green_g,12.4667,2015,7,183,Summer
data/train/ID1920959057.jpg,3.5619,2.6714,12.4667,18.7,16.0286,ID1920959057.jpg,ID1920959057__Dry_Total_g,train/ID1920959057.jpg,2015-07-02,Vic,Ryegrass_Clover,0.74,3.0,Dry_Total_g,18.7,2015,7,183,Summer
data/train/ID1920959057.jpg,3.5619,2.6714,12.4667,18.7,16.0286,ID1920959057.jpg,ID1920959057__GDM_g,train/ID1920959057.jpg,2015-07-02,Vic,Ryegrass_Clover,0.74,3.0,GDM_g,16.0286,2015,7,183,Summer
data/train/ID1946311744.jpg,28.5594,2.8017,40.3989,71.76,68.9583,ID1946311744.jpg,ID1946311744__Dry_Clover_g,train/ID1946311744.jpg,2015-09-29,Vic,Ryegrass_Clover,0.83,8.0,Dry_Clover_g,28.5594,2015,9,272,Autumn
data/train/ID1946311744.jpg,28.5594,2.8017,40.3989,71.76,68.9583,ID1946311744.jpg,ID1946311744__Dry_Dead_g,train/ID1946311744.jpg,2015-09-29,Vic,Ryegrass_Clover,0.83,8.0,Dry_Dead_g,2.8017,2015,9,272,Autumn
data/train/ID1946311744.jpg,28.5594,2.8017,40.3989,71.76,68.9583,ID1946311744.jpg,ID1946311744__Dry_Green_g,train/ID1946311744.jpg,2015-09-29,Vic,Ryegrass_Clover,0.83,8.0,Dry_Green_g,40.3989,2015,9,272,Autumn
data/train/ID1946311744.jpg,28.5594,2.8017,40.3989,71.76,68.9583,ID1946311744.jpg,ID1946311744__Dry_Total_g,train/ID1946311744.jpg,2015-09-29,Vic,Ryegrass_Clover,0.83,8.0,Dry_Total_g,71.76,2015,9,272,Autumn
data/train/ID1946311744.jpg,28.5594,2.8017,40.3989,71.76,68.9583,ID1946311744.jpg,ID1946311744__GDM_g,train/ID1946311744.jpg,2015-09-29,Vic,Ryegrass_Clover,0.83,8.0,GDM_g,68.9583,2015,9,272,Autumn
data/train/ID1948354837.jpg,0.0,14.4659,19.0341,33.5,19.0341,ID1948354837.jpg,ID1948354837__Dry_Clover_g,train/ID1948354837.jpg,2015-01-15,NSW,Fescue_CrumbWeed,0.63,5.0,Dry_Clover_g,0.0,2015,1,15,Winter
data/train/ID1948354837.jpg,0.0,14.4659,19.0341,33.5,19.0341,ID1948354837.jpg,ID1948354837__Dry_Dead_g,train/ID1948354837.jpg,2015-01-15,NSW,Fescue_CrumbWeed,0.63,5.0,Dry_Dead_g,14.4659,2015,1,15,Winter
data/train/ID1948354837.jpg,0.0,14.4659,19.0341,33.5,19.0341,ID1948354837.jpg,ID1948354837__Dry_Green_g,train/ID1948354837.jpg,2015-01-15,NSW,Fescue_CrumbWeed,0.63,5.0,Dry_Green_g,19.0341,2015,1,15,Winter
data/train/ID1948354837.jpg,0.0,14.4659,19.0341,33.5,19.0341,ID1948354837.jpg,ID1948354837__Dry_Total_g,train/ID1948354837.jpg,2015-01-15,NSW,Fescue_CrumbWeed,0.63,5.0,Dry_Total_g,33.5,2015,1,15,Winter
data/train/ID1948354837.jpg,0.0,14.4659,19.0341,33.5,19.0341,ID1948354837.jpg,ID1948354837__GDM_g,train/ID1948354837.jpg,2015-01-15,NSW,Fescue_CrumbWeed,0.63,5.0,GDM_g,19.0341,2015,1,15,Winter
data/train/ID1952813879.jpg,0.5875,8.225,3.525,12.3375,4.1125,ID1952813879.jpg,ID1952813879__Dry_Clover_g,train/ID1952813879.jpg,2015-06-26,Vic,Ryegrass,0.68,3.5,Dry_Clover_g,0.5875,2015,6,177,Summer
data/train/ID1952813879.jpg,0.5875,8.225,3.525,12.3375,4.1125,ID1952813879.jpg,ID1952813879__Dry_Dead_g,train/ID1952813879.jpg,2015-06-26,Vic,Ryegrass,0.68,3.5,Dry_Dead_g,8.225,2015,6,177,Summer
data/train/ID1952813879.jpg,0.5875,8.225,3.525,12.3375,4.1125,ID1952813879.jpg,ID1952813879__Dry_Green_g,train/ID1952813879.jpg,2015-06-26,Vic,Ryegrass,0.68,3.5,Dry_Green_g,3.525,2015,6,177,Summer
data/train/ID1952813879.jpg,0.5875,8.225,3.525,12.3375,4.1125,ID1952813879.jpg,ID1952813879__Dry_Total_g,train/ID1952813879.jpg,2015-06-26,Vic,Ryegrass,0.68,3.5,Dry_Total_g,12.3375,2015,6,177,Summer
data/train/ID1952813879.jpg,0.5875,8.225,3.525,12.3375,4.1125,ID1952813879.jpg,ID1952813879__GDM_g,train/ID1952813879.jpg,2015-06-26,Vic,Ryegrass,0.68,3.5,GDM_g,4.1125,2015,6,177,Summer
data/train/ID1953171547.jpg,0.692,58.7479,15.989,75.4289,16.681,ID1953171547.jpg,ID1953171547__Dry_Clover_g,train/ID1953171547.jpg,2015-09-04,Tas,Ryegrass_Clover,0.44,5.5,Dry_Clover_g,0.692,2015,9,247,Autumn
data/train/ID1953171547.jpg,0.692,58.7479,15.989,75.4289,16.681,ID1953171547.jpg,ID1953171547__Dry_Dead_g,train/ID1953171547.jpg,2015-09-04,Tas,Ryegrass_Clover,0.44,5.5,Dry_Dead_g,58.7479,2015,9,247,Autumn
data/train/ID1953171547.jpg,0.692,58.7479,15.989,75.4289,16.681,ID1953171547.jpg,ID1953171547__Dry_Green_g,train/ID1953171547.jpg,2015-09-04,Tas,Ryegrass_Clover,0.44,5.5,Dry_Green_g,15.989,2015,9,247,Autumn
data/train/ID1953171547.jpg,0.692,58.7479,15.989,75.4289,16.681,ID1953171547.jpg,ID1953171547__Dry_Total_g,train/ID1953171547.jpg,2015-09-04,Tas,Ryegrass_Clover,0.44,5.5,Dry_Total_g,75.4289,2015,9,247,Autumn
data/train/ID1953171547.jpg,0.692,58.7479,15.989,75.4289,16.681,ID1953171547.jpg,ID1953171547__GDM_g,train/ID1953171547.jpg,2015-09-04,Tas,Ryegrass_Clover,0.44,5.5,GDM_g,16.681,2015,9,247,Autumn
data/train/ID1953218650.jpg,3.8,5.2,6.7,15.7,10.5,ID1953218650.jpg,ID1953218650__Dry_Clover_g,train/ID1953218650.jpg,2015-11-10,Tas,Ryegrass_Clover,0.5,3.1667,Dry_Clover_g,3.8,2015,11,314,Autumn
data/train/ID1953218650.jpg,3.8,5.2,6.7,15.7,10.5,ID1953218650.jpg,ID1953218650__Dry_Dead_g,train/ID1953218650.jpg,2015-11-10,Tas,Ryegrass_Clover,0.5,3.1667,Dry_Dead_g,5.2,2015,11,314,Autumn
data/train/ID1953218650.jpg,3.8,5.2,6.7,15.7,10.5,ID1953218650.jpg,ID1953218650__Dry_Green_g,train/ID1953218650.jpg,2015-11-10,Tas,Ryegrass_Clover,0.5,3.1667,Dry_Green_g,6.7,2015,11,314,Autumn
data/train/ID1953218650.jpg,3.8,5.2,6.7,15.7,10.5,ID1953218650.jpg,ID1953218650__Dry_Total_g,train/ID1953218650.jpg,2015-11-10,Tas,Ryegrass_Clover,0.5,3.1667,Dry_Total_g,15.7,2015,11,314,Autumn
data/train/ID1953218650.jpg,3.8,5.2,6.7,15.7,10.5,ID1953218650.jpg,ID1953218650__GDM_g,train/ID1953218650.jpg,2015-11-10,Tas,Ryegrass_Clover,0.5,3.1667,GDM_g,10.5,2015,11,314,Autumn
data/train/ID1954669045.jpg,6.859,10.469,18.772,36.1,25.631,ID1954669045.jpg,ID1954669045__Dry_Clover_g,train/ID1954669045.jpg,2015-06-30,Vic,Phalaris_Clover,0.78,2.8,Dry_Clover_g,6.859,2015,6,181,Summer
data/train/ID1954669045.jpg,6.859,10.469,18.772,36.1,25.631,ID1954669045.jpg,ID1954669045__Dry_Dead_g,train/ID1954669045.jpg,2015-06-30,Vic,Phalaris_Clover,0.78,2.8,Dry_Dead_g,10.469,2015,6,181,Summer
data/train/ID1954669045.jpg,6.859,10.469,18.772,36.1,25.631,ID1954669045.jpg,ID1954669045__Dry_Green_g,train/ID1954669045.jpg,2015-06-30,Vic,Phalaris_Clover,0.78,2.8,Dry_Green_g,18.772,2015,6,181,Summer
data/train/ID1954669045.jpg,6.859,10.469,18.772,36.1,25.631,ID1954669045.jpg,ID1954669045__Dry_Total_g,train/ID1954669045.jpg,2015-06-30,Vic,Phalaris_Clover,0.78,2.8,Dry_Total_g,36.1,2015,6,181,Summer
data/train/ID1954669045.jpg,6.859,10.469,18.772,36.1,25.631,ID1954669045.jpg,ID1954669045__GDM_g,train/ID1954669045.jpg,2015-06-30,Vic,Phalaris_Clover,0.78,2.8,GDM_g,25.631,2015,6,181,Summer
data/train/ID1962197151.jpg,0.0,0.0,22.0,22.0,22.0,ID1962197151.jpg,ID1962197151__Dry_Clover_g,train/ID1962197151.jpg,2015-04-01,NSW,Lucerne,0.72,35.0,Dry_Clover_g,0.0,2015,4,91,Spring
data/train/ID1962197151.jpg,0.0,0.0,22.0,22.0,22.0,ID1962197151.jpg,ID1962197151__Dry_Dead_g,train/ID1962197151.jpg,2015-04-01,NSW,Lucerne,0.72,35.0,Dry_Dead_g,0.0,2015,4,91,Spring
data/train/ID1962197151.jpg,0.0,0.0,22.0,22.0,22.0,ID1962197151.jpg,ID1962197151__Dry_Green_g,train/ID1962197151.jpg,2015-04-01,NSW,Lucerne,0.72,35.0,Dry_Green_g,22.0,2015,4,91,Spring
data/train/ID1962197151.jpg,0.0,0.0,22.0,22.0,22.0,ID1962197151.jpg,ID1962197151__Dry_Total_g,train/ID1962197151.jpg,2015-04-01,NSW,Lucerne,0.72,35.0,Dry_Total_g,22.0,2015,4,91,Spring
data/train/ID1962197151.jpg,0.0,0.0,22.0,22.0,22.0,ID1962197151.jpg,ID1962197151__GDM_g,train/ID1962197151.jpg,2015-04-01,NSW,Lucerne,0.72,35.0,GDM_g,22.0,2015,4,91,Spring
data/train/ID1962379474.jpg,1.4451,40.1734,17.341,58.9595,18.7861,ID1962379474.jpg,ID1962379474__Dry_Clover_g,train/ID1962379474.jpg,2015-11-10,Tas,Ryegrass_Clover,0.55,5.1667,Dry_Clover_g,1.4451,2015,11,314,Autumn
data/train/ID1962379474.jpg,1.4451,40.1734,17.341,58.9595,18.7861,ID1962379474.jpg,ID1962379474__Dry_Dead_g,train/ID1962379474.jpg,2015-11-10,Tas,Ryegrass_Clover,0.55,5.1667,Dry_Dead_g,40.1734,2015,11,314,Autumn
data/train/ID1962379474.jpg,1.4451,40.1734,17.341,58.9595,18.7861,ID1962379474.jpg,ID1962379474__Dry_Green_g,train/ID1962379474.jpg,2015-11-10,Tas,Ryegrass_Clover,0.55,5.1667,Dry_Green_g,17.341,2015,11,314,Autumn
data/train/ID1962379474.jpg,1.4451,40.1734,17.341,58.9595,18.7861,ID1962379474.jpg,ID1962379474__Dry_Total_g,train/ID1962379474.jpg,2015-11-10,Tas,Ryegrass_Clover,0.55,5.1667,Dry_Total_g,58.9595,2015,11,314,Autumn
data/train/ID1962379474.jpg,1.4451,40.1734,17.341,58.9595,18.7861,ID1962379474.jpg,ID1962379474__GDM_g,train/ID1962379474.jpg,2015-11-10,Tas,Ryegrass_Clover,0.55,5.1667,GDM_g,18.7861,2015,11,314,Autumn
data/train/ID1963715583.jpg,0.34,0.0,0.7,1.04,1.04,ID1963715583.jpg,ID1963715583__Dry_Clover_g,train/ID1963715583.jpg,2015-07-08,WA,Clover,0.16,1.0,Dry_Clover_g,0.34,2015,7,189,Summer
data/train/ID1963715583.jpg,0.34,0.0,0.7,1.04,1.04,ID1963715583.jpg,ID1963715583__Dry_Dead_g,train/ID1963715583.jpg,2015-07-08,WA,Clover,0.16,1.0,Dry_Dead_g,0.0,2015,7,189,Summer
data/train/ID1963715583.jpg,0.34,0.0,0.7,1.04,1.04,ID1963715583.jpg,ID1963715583__Dry_Green_g,train/ID1963715583.jpg,2015-07-08,WA,Clover,0.16,1.0,Dry_Green_g,0.7,2015,7,189,Summer
data/train/ID1963715583.jpg,0.34,0.0,0.7,1.04,1.04,ID1963715583.jpg,ID1963715583__Dry_Total_g,train/ID1963715583.jpg,2015-07-08,WA,Clover,0.16,1.0,Dry_Total_g,1.04,2015,7,189,Summer
data/train/ID1963715583.jpg,0.34,0.0,0.7,1.04,1.04,ID1963715583.jpg,ID1963715583__GDM_g,train/ID1963715583.jpg,2015-07-08,WA,Clover,0.16,1.0,GDM_g,1.04,2015,7,189,Summer
data/train/ID1970522802.jpg,0.0,13.5089,32.8911,46.4,32.8911,ID1970522802.jpg,ID1970522802__Dry_Clover_g,train/ID1970522802.jpg,2015-05-07,NSW,Fescue,0.55,4.0,Dry_Clover_g,0.0,2015,5,127,Spring
data/train/ID1970522802.jpg,0.0,13.5089,32.8911,46.4,32.8911,ID1970522802.jpg,ID1970522802__Dry_Dead_g,train/ID1970522802.jpg,2015-05-07,NSW,Fescue,0.55,4.0,Dry_Dead_g,13.5089,2015,5,127,Spring
data/train/ID1970522802.jpg,0.0,13.5089,32.8911,46.4,32.8911,ID1970522802.jpg,ID1970522802__Dry_Green_g,train/ID1970522802.jpg,2015-05-07,NSW,Fescue,0.55,4.0,Dry_Green_g,32.8911,2015,5,127,Spring
data/train/ID1970522802.jpg,0.0,13.5089,32.8911,46.4,32.8911,ID1970522802.jpg,ID1970522802__Dry_Total_g,train/ID1970522802.jpg,2015-05-07,NSW,Fescue,0.55,4.0,Dry_Total_g,46.4,2015,5,127,Spring
data/train/ID1970522802.jpg,0.0,13.5089,32.8911,46.4,32.8911,ID1970522802.jpg,ID1970522802__GDM_g,train/ID1970522802.jpg,2015-05-07,NSW,Fescue,0.55,4.0,GDM_g,32.8911,2015,5,127,Spring
data/train/ID1976436386.jpg,7.9555,25.2703,26.6742,59.9,34.6297,ID1976436386.jpg,ID1976436386__Dry_Clover_g,train/ID1976436386.jpg,2015-10-14,Vic,Phalaris_Clover_Ryegrass_Barleygrass_Bromegrass,0.52,6.0,Dry_Clover_g,7.9555,2015,10,287,Autumn
data/train/ID1976436386.jpg,7.9555,25.2703,26.6742,59.9,34.6297,ID1976436386.jpg,ID1976436386__Dry_Dead_g,train/ID1976436386.jpg,2015-10-14,Vic,Phalaris_Clover_Ryegrass_Barleygrass_Bromegrass,0.52,6.0,Dry_Dead_g,25.2703,2015,10,287,Autumn
data/train/ID1976436386.jpg,7.9555,25.2703,26.6742,59.9,34.6297,ID1976436386.jpg,ID1976436386__Dry_Green_g,train/ID1976436386.jpg,2015-10-14,Vic,Phalaris_Clover_Ryegrass_Barleygrass_Bromegrass,0.52,6.0,Dry_Green_g,26.6742,2015,10,287,Autumn
data/train/ID1976436386.jpg,7.9555,25.2703,26.6742,59.9,34.6297,ID1976436386.jpg,ID1976436386__Dry_Total_g,train/ID1976436386.jpg,2015-10-14,Vic,Phalaris_Clover_Ryegrass_Barleygrass_Bromegrass,0.52,6.0,Dry_Total_g,59.9,2015,10,287,Autumn
data/train/ID1976436386.jpg,7.9555,25.2703,26.6742,59.9,34.6297,ID1976436386.jpg,ID1976436386__GDM_g,train/ID1976436386.jpg,2015-10-14,Vic,Phalaris_Clover_Ryegrass_Barleygrass_Bromegrass,0.52,6.0,GDM_g,34.6297,2015,10,287,Autumn
data/train/ID1980675327.jpg,2.6598,9.0024,14.7312,26.3934,17.391,ID1980675327.jpg,ID1980675327__Dry_Clover_g,train/ID1980675327.jpg,2015-06-26,Tas,Ryegrass_Clover,0.59,1.0,Dry_Clover_g,2.6598,2015,6,177,Summer
data/train/ID1980675327.jpg,2.6598,9.0024,14.7312,26.3934,17.391,ID1980675327.jpg,ID1980675327__Dry_Dead_g,train/ID1980675327.jpg,2015-06-26,Tas,Ryegrass_Clover,0.59,1.0,Dry_Dead_g,9.0024,2015,6,177,Summer
data/train/ID1980675327.jpg,2.6598,9.0024,14.7312,26.3934,17.391,ID1980675327.jpg,ID1980675327__Dry_Green_g,train/ID1980675327.jpg,2015-06-26,Tas,Ryegrass_Clover,0.59,1.0,Dry_Green_g,14.7312,2015,6,177,Summer
data/train/ID1980675327.jpg,2.6598,9.0024,14.7312,26.3934,17.391,ID1980675327.jpg,ID1980675327__Dry_Total_g,train/ID1980675327.jpg,2015-06-26,Tas,Ryegrass_Clover,0.59,1.0,Dry_Total_g,26.3934,2015,6,177,Summer
data/train/ID1980675327.jpg,2.6598,9.0024,14.7312,26.3934,17.391,ID1980675327.jpg,ID1980675327__GDM_g,train/ID1980675327.jpg,2015-06-26,Tas,Ryegrass_Clover,0.59,1.0,GDM_g,17.391,2015,6,177,Summer
data/train/ID1982662138.jpg,0.0,1.1594,35.9406,37.1,35.9406,ID1982662138.jpg,ID1982662138__Dry_Clover_g,train/ID1982662138.jpg,2015-04-01,NSW,Lucerne,0.79,33.0,Dry_Clover_g,0.0,2015,4,91,Spring
data/train/ID1982662138.jpg,0.0,1.1594,35.9406,37.1,35.9406,ID1982662138.jpg,ID1982662138__Dry_Dead_g,train/ID1982662138.jpg,2015-04-01,NSW,Lucerne,0.79,33.0,Dry_Dead_g,1.1594,2015,4,91,Spring
data/train/ID1982662138.jpg,0.0,1.1594,35.9406,37.1,35.9406,ID1982662138.jpg,ID1982662138__Dry_Green_g,train/ID1982662138.jpg,2015-04-01,NSW,Lucerne,0.79,33.0,Dry_Green_g,35.9406,2015,4,91,Spring
data/train/ID1982662138.jpg,0.0,1.1594,35.9406,37.1,35.9406,ID1982662138.jpg,ID1982662138__Dry_Total_g,train/ID1982662138.jpg,2015-04-01,NSW,Lucerne,0.79,33.0,Dry_Total_g,37.1,2015,4,91,Spring
data/train/ID1982662138.jpg,0.0,1.1594,35.9406,37.1,35.9406,ID1982662138.jpg,ID1982662138__GDM_g,train/ID1982662138.jpg,2015-04-01,NSW,Lucerne,0.79,33.0,GDM_g,35.9406,2015,4,91,Spring
data/train/ID1988033238.jpg,4.8803,12.4718,21.1479,38.5,26.0282,ID1988033238.jpg,ID1988033238__Dry_Clover_g,train/ID1988033238.jpg,2015-08-18,Vic,Phalaris_Clover,0.76,3.2,Dry_Clover_g,4.8803,2015,8,230,Summer
data/train/ID1988033238.jpg,4.8803,12.4718,21.1479,38.5,26.0282,ID1988033238.jpg,ID1988033238__Dry_Dead_g,train/ID1988033238.jpg,2015-08-18,Vic,Phalaris_Clover,0.76,3.2,Dry_Dead_g,12.4718,2015,8,230,Summer
data/train/ID1988033238.jpg,4.8803,12.4718,21.1479,38.5,26.0282,ID1988033238.jpg,ID1988033238__Dry_Green_g,train/ID1988033238.jpg,2015-08-18,Vic,Phalaris_Clover,0.76,3.2,Dry_Green_g,21.1479,2015,8,230,Summer
data/train/ID1988033238.jpg,4.8803,12.4718,21.1479,38.5,26.0282,ID1988033238.jpg,ID1988033238__Dry_Total_g,train/ID1988033238.jpg,2015-08-18,Vic,Phalaris_Clover,0.76,3.2,Dry_Total_g,38.5,2015,8,230,Summer
data/train/ID1988033238.jpg,4.8803,12.4718,21.1479,38.5,26.0282,ID1988033238.jpg,ID1988033238__GDM_g,train/ID1988033238.jpg,2015-08-18,Vic,Phalaris_Clover,0.76,3.2,GDM_g,26.0282,2015,8,230,Summer
data/train/ID1989506559.jpg,15.202,8.1077,28.377,51.6867,43.579,ID1989506559.jpg,ID1989506559__Dry_Clover_g,train/ID1989506559.jpg,2015-11-10,Tas,Ryegrass_Clover,0.8,4.3333,Dry_Clover_g,15.202,2015,11,314,Autumn
data/train/ID1989506559.jpg,15.202,8.1077,28.377,51.6867,43.579,ID1989506559.jpg,ID1989506559__Dry_Dead_g,train/ID1989506559.jpg,2015-11-10,Tas,Ryegrass_Clover,0.8,4.3333,Dry_Dead_g,8.1077,2015,11,314,Autumn
data/train/ID1989506559.jpg,15.202,8.1077,28.377,51.6867,43.579,ID1989506559.jpg,ID1989506559__Dry_Green_g,train/ID1989506559.jpg,2015-11-10,Tas,Ryegrass_Clover,0.8,4.3333,Dry_Green_g,28.377,2015,11,314,Autumn
data/train/ID1989506559.jpg,15.202,8.1077,28.377,51.6867,43.579,ID1989506559.jpg,ID1989506559__Dry_Total_g,train/ID1989506559.jpg,2015-11-10,Tas,Ryegrass_Clover,0.8,4.3333,Dry_Total_g,51.6867,2015,11,314,Autumn
data/train/ID1989506559.jpg,15.202,8.1077,28.377,51.6867,43.579,ID1989506559.jpg,ID1989506559__GDM_g,train/ID1989506559.jpg,2015-11-10,Tas,Ryegrass_Clover,0.8,4.3333,GDM_g,43.579,2015,11,314,Autumn
data/train/ID1993907137.jpg,0.1834,12.8356,15.9528,28.9718,16.1362,ID1993907137.jpg,ID1993907137__Dry_Clover_g,train/ID1993907137.jpg,2015-05-18,Tas,Ryegrass,0.5,3.0,Dry_Clover_g,0.1834,2015,5,138,Spring
data/train/ID1993907137.jpg,0.1834,12.8356,15.9528,28.9718,16.1362,ID1993907137.jpg,ID1993907137__Dry_Dead_g,train/ID1993907137.jpg,2015-05-18,Tas,Ryegrass,0.5,3.0,Dry_Dead_g,12.8356,2015,5,138,Spring
data/train/ID1993907137.jpg,0.1834,12.8356,15.9528,28.9718,16.1362,ID1993907137.jpg,ID1993907137__Dry_Green_g,train/ID1993907137.jpg,2015-05-18,Tas,Ryegrass,0.5,3.0,Dry_Green_g,15.9528,2015,5,138,Spring
data/train/ID1993907137.jpg,0.1834,12.8356,15.9528,28.9718,16.1362,ID1993907137.jpg,ID1993907137__Dry_Total_g,train/ID1993907137.jpg,2015-05-18,Tas,Ryegrass,0.5,3.0,Dry_Total_g,28.9718,2015,5,138,Spring
data/train/ID1993907137.jpg,0.1834,12.8356,15.9528,28.9718,16.1362,ID1993907137.jpg,ID1993907137__GDM_g,train/ID1993907137.jpg,2015-05-18,Tas,Ryegrass,0.5,3.0,GDM_g,16.1362,2015,5,138,Spring
data/train/ID1997244125.jpg,0.0,46.0672,4.1536,50.2208,4.1536,ID1997244125.jpg,ID1997244125__Dry_Clover_g,train/ID1997244125.jpg,2015-06-26,Tas,Ryegrass_Clover,0.4,3.0,Dry_Clover_g,0.0,2015,6,177,Summer
data/train/ID1997244125.jpg,0.0,46.0672,4.1536,50.2208,4.1536,ID1997244125.jpg,ID1997244125__Dry_Dead_g,train/ID1997244125.jpg,2015-06-26,Tas,Ryegrass_Clover,0.4,3.0,Dry_Dead_g,46.0672,2015,6,177,Summer
data/train/ID1997244125.jpg,0.0,46.0672,4.1536,50.2208,4.1536,ID1997244125.jpg,ID1997244125__Dry_Green_g,train/ID1997244125.jpg,2015-06-26,Tas,Ryegrass_Clover,0.4,3.0,Dry_Green_g,4.1536,2015,6,177,Summer
data/train/ID1997244125.jpg,0.0,46.0672,4.1536,50.2208,4.1536,ID1997244125.jpg,ID1997244125__Dry_Total_g,train/ID1997244125.jpg,2015-06-26,Tas,Ryegrass_Clover,0.4,3.0,Dry_Total_g,50.2208,2015,6,177,Summer
data/train/ID1997244125.jpg,0.0,46.0672,4.1536,50.2208,4.1536,ID1997244125.jpg,ID1997244125__GDM_g,train/ID1997244125.jpg,2015-06-26,Tas,Ryegrass_Clover,0.4,3.0,GDM_g,4.1536,2015,6,177,Summer
data/train/ID2002797732.jpg,0.55,3.3,9.35,13.2,9.9,ID2002797732.jpg,ID2002797732__Dry_Clover_g,train/ID2002797732.jpg,2015-07-01,Vic,Phalaris_Clover,0.66,2.0,Dry_Clover_g,0.55,2015,7,182,Summer
data/train/ID2002797732.jpg,0.55,3.3,9.35,13.2,9.9,ID2002797732.jpg,ID2002797732__Dry_Dead_g,train/ID2002797732.jpg,2015-07-01,Vic,Phalaris_Clover,0.66,2.0,Dry_Dead_g,3.3,2015,7,182,Summer
data/train/ID2002797732.jpg,0.55,3.3,9.35,13.2,9.9,ID2002797732.jpg,ID2002797732__Dry_Green_g,train/ID2002797732.jpg,2015-07-01,Vic,Phalaris_Clover,0.66,2.0,Dry_Green_g,9.35,2015,7,182,Summer
data/train/ID2002797732.jpg,0.55,3.3,9.35,13.2,9.9,ID2002797732.jpg,ID2002797732__Dry_Total_g,train/ID2002797732.jpg,2015-07-01,Vic,Phalaris_Clover,0.66,2.0,Dry_Total_g,13.2,2015,7,182,Summer
data/train/ID2002797732.jpg,0.55,3.3,9.35,13.2,9.9,ID2002797732.jpg,ID2002797732__GDM_g,train/ID2002797732.jpg,2015-07-01,Vic,Phalaris_Clover,0.66,2.0,GDM_g,9.9,2015,7,182,Summer
data/train/ID2003438517.jpg,5.2,2.08,13.52,20.8,18.72,ID2003438517.jpg,ID2003438517__Dry_Clover_g,train/ID2003438517.jpg,2015-07-02,Vic,Ryegrass_Clover,0.74,4.0,Dry_Clover_g,5.2,2015,7,183,Summer
data/train/ID2003438517.jpg,5.2,2.08,13.52,20.8,18.72,ID2003438517.jpg,ID2003438517__Dry_Dead_g,train/ID2003438517.jpg,2015-07-02,Vic,Ryegrass_Clover,0.74,4.0,Dry_Dead_g,2.08,2015,7,183,Summer
data/train/ID2003438517.jpg,5.2,2.08,13.52,20.8,18.72,ID2003438517.jpg,ID2003438517__Dry_Green_g,train/ID2003438517.jpg,2015-07-02,Vic,Ryegrass_Clover,0.74,4.0,Dry_Green_g,13.52,2015,7,183,Summer
data/train/ID2003438517.jpg,5.2,2.08,13.52,20.8,18.72,ID2003438517.jpg,ID2003438517__Dry_Total_g,train/ID2003438517.jpg,2015-07-02,Vic,Ryegrass_Clover,0.74,4.0,Dry_Total_g,20.8,2015,7,183,Summer
data/train/ID2003438517.jpg,5.2,2.08,13.52,20.8,18.72,ID2003438517.jpg,ID2003438517__GDM_g,train/ID2003438517.jpg,2015-07-02,Vic,Ryegrass_Clover,0.74,4.0,GDM_g,18.72,2015,7,183,Summer
data/train/ID2006686196.jpg,0.0,38.8581,28.0419,66.9,28.0419,ID2006686196.jpg,ID2006686196__Dry_Clover_g,train/ID2006686196.jpg,2015-10-14,Vic,Phalaris_Clover_Ryegrass_Barleygrass_Bromegrass,0.46,9.3333,Dry_Clover_g,0.0,2015,10,287,Autumn
data/train/ID2006686196.jpg,0.0,38.8581,28.0419,66.9,28.0419,ID2006686196.jpg,ID2006686196__Dry_Dead_g,train/ID2006686196.jpg,2015-10-14,Vic,Phalaris_Clover_Ryegrass_Barleygrass_Bromegrass,0.46,9.3333,Dry_Dead_g,38.8581,2015,10,287,Autumn
data/train/ID2006686196.jpg,0.0,38.8581,28.0419,66.9,28.0419,ID2006686196.jpg,ID2006686196__Dry_Green_g,train/ID2006686196.jpg,2015-10-14,Vic,Phalaris_Clover_Ryegrass_Barleygrass_Bromegrass,0.46,9.3333,Dry_Green_g,28.0419,2015,10,287,Autumn
data/train/ID2006686196.jpg,0.0,38.8581,28.0419,66.9,28.0419,ID2006686196.jpg,ID2006686196__Dry_Total_g,train/ID2006686196.jpg,2015-10-14,Vic,Phalaris_Clover_Ryegrass_Barleygrass_Bromegrass,0.46,9.3333,Dry_Total_g,66.9,2015,10,287,Autumn
data/train/ID2006686196.jpg,0.0,38.8581,28.0419,66.9,28.0419,ID2006686196.jpg,ID2006686196__GDM_g,train/ID2006686196.jpg,2015-10-14,Vic,Phalaris_Clover_Ryegrass_Barleygrass_Bromegrass,0.46,9.3333,GDM_g,28.0419,2015,10,287,Autumn
data/train/ID2010625680.jpg,37.5911,0.0,5.0589,42.65,42.65,ID2010625680.jpg,ID2010625680__Dry_Clover_g,train/ID2010625680.jpg,2015-07-08,WA,Clover,0.75,3.0,Dry_Clover_g,37.5911,2015,7,189,Summer
data/train/ID2010625680.jpg,37.5911,0.0,5.0589,42.65,42.65,ID2010625680.jpg,ID2010625680__Dry_Dead_g,train/ID2010625680.jpg,2015-07-08,WA,Clover,0.75,3.0,Dry_Dead_g,0.0,2015,7,189,Summer
data/train/ID2010625680.jpg,37.5911,0.0,5.0589,42.65,42.65,ID2010625680.jpg,ID2010625680__Dry_Green_g,train/ID2010625680.jpg,2015-07-08,WA,Clover,0.75,3.0,Dry_Green_g,5.0589,2015,7,189,Summer
data/train/ID2010625680.jpg,37.5911,0.0,5.0589,42.65,42.65,ID2010625680.jpg,ID2010625680__Dry_Total_g,train/ID2010625680.jpg,2015-07-08,WA,Clover,0.75,3.0,Dry_Total_g,42.65,2015,7,189,Summer
data/train/ID2010625680.jpg,37.5911,0.0,5.0589,42.65,42.65,ID2010625680.jpg,ID2010625680__GDM_g,train/ID2010625680.jpg,2015-07-08,WA,Clover,0.75,3.0,GDM_g,42.65,2015,7,189,Summer
data/train/ID2014192906.jpg,0.5,7.0,3.0,10.1912,3.5,ID2014192906.jpg,ID2014192906__Dry_Clover_g,train/ID2014192906.jpg,2015-06-26,Vic,Ryegrass,0.63,3.0,Dry_Clover_g,0.5,2015,6,177,Summer
data/train/ID2014192906.jpg,0.5,7.0,3.0,10.1912,3.5,ID2014192906.jpg,ID2014192906__Dry_Dead_g,train/ID2014192906.jpg,2015-06-26,Vic,Ryegrass,0.63,3.0,Dry_Dead_g,7.0,2015,6,177,Summer
data/train/ID2014192906.jpg,0.5,7.0,3.0,10.1912,3.5,ID2014192906.jpg,ID2014192906__Dry_Green_g,train/ID2014192906.jpg,2015-06-26,Vic,Ryegrass,0.63,3.0,Dry_Green_g,3.0,2015,6,177,Summer
data/train/ID2014192906.jpg,0.5,7.0,3.0,10.1912,3.5,ID2014192906.jpg,ID2014192906__Dry_Total_g,train/ID2014192906.jpg,2015-06-26,Vic,Ryegrass,0.63,3.0,Dry_Total_g,10.1912,2015,6,177,Summer
data/train/ID2014192906.jpg,0.5,7.0,3.0,10.1912,3.5,ID2014192906.jpg,ID2014192906__GDM_g,train/ID2014192906.jpg,2015-06-26,Vic,Ryegrass,0.63,3.0,GDM_g,3.5,2015,6,177,Summer
data/train/ID2030696575.jpg,2.1,2.6,1.6,6.3,3.7,ID2030696575.jpg,ID2030696575__Dry_Clover_g,train/ID2030696575.jpg,2015-11-09,Tas,Clover,0.31,1.1667,Dry_Clover_g,2.1,2015,11,313,Autumn
data/train/ID2030696575.jpg,2.1,2.6,1.6,6.3,3.7,ID2030696575.jpg,ID2030696575__Dry_Dead_g,train/ID2030696575.jpg,2015-11-09,Tas,Clover,0.31,1.1667,Dry_Dead_g,2.6,2015,11,313,Autumn
data/train/ID2030696575.jpg,2.1,2.6,1.6,6.3,3.7,ID2030696575.jpg,ID2030696575__Dry_Green_g,train/ID2030696575.jpg,2015-11-09,Tas,Clover,0.31,1.1667,Dry_Green_g,1.6,2015,11,313,Autumn
data/train/ID2030696575.jpg,2.1,2.6,1.6,6.3,3.7,ID2030696575.jpg,ID2030696575__Dry_Total_g,train/ID2030696575.jpg,2015-11-09,Tas,Clover,0.31,1.1667,Dry_Total_g,6.3,2015,11,313,Autumn
data/train/ID2030696575.jpg,2.1,2.6,1.6,6.3,3.7,ID2030696575.jpg,ID2030696575__GDM_g,train/ID2030696575.jpg,2015-11-09,Tas,Clover,0.31,1.1667,GDM_g,3.7,2015,11,313,Autumn
data/train/ID2037861084.jpg,0.0,12.2169,28.6831,40.9,28.6831,ID2037861084.jpg,ID2037861084__Dry_Clover_g,train/ID2037861084.jpg,2015-06-30,Vic,Phalaris_Clover,0.77,3.8,Dry_Clover_g,0.0,2015,6,181,Summer
data/train/ID2037861084.jpg,0.0,12.2169,28.6831,40.9,28.6831,ID2037861084.jpg,ID2037861084__Dry_Dead_g,train/ID2037861084.jpg,2015-06-30,Vic,Phalaris_Clover,0.77,3.8,Dry_Dead_g,12.2169,2015,6,181,Summer
data/train/ID2037861084.jpg,0.0,12.2169,28.6831,40.9,28.6831,ID2037861084.jpg,ID2037861084__Dry_Green_g,train/ID2037861084.jpg,2015-06-30,Vic,Phalaris_Clover,0.77,3.8,Dry_Green_g,28.6831,2015,6,181,Summer
data/train/ID2037861084.jpg,0.0,12.2169,28.6831,40.9,28.6831,ID2037861084.jpg,ID2037861084__Dry_Total_g,train/ID2037861084.jpg,2015-06-30,Vic,Phalaris_Clover,0.77,3.8,Dry_Total_g,40.9,2015,6,181,Summer
data/train/ID2037861084.jpg,0.0,12.2169,28.6831,40.9,28.6831,ID2037861084.jpg,ID2037861084__GDM_g,train/ID2037861084.jpg,2015-06-30,Vic,Phalaris_Clover,0.77,3.8,GDM_g,28.6831,2015,6,181,Summer
data/train/ID2052442675.jpg,0.0,2.7,14.5,17.2,14.5,ID2052442675.jpg,ID2052442675__Dry_Clover_g,train/ID2052442675.jpg,2015-05-19,Tas,Ryegrass_Clover,0.43,2.0,Dry_Clover_g,0.0,2015,5,139,Spring
data/train/ID2052442675.jpg,0.0,2.7,14.5,17.2,14.5,ID2052442675.jpg,ID2052442675__Dry_Dead_g,train/ID2052442675.jpg,2015-05-19,Tas,Ryegrass_Clover,0.43,2.0,Dry_Dead_g,2.7,2015,5,139,Spring
data/train/ID2052442675.jpg,0.0,2.7,14.5,17.2,14.5,ID2052442675.jpg,ID2052442675__Dry_Green_g,train/ID2052442675.jpg,2015-05-19,Tas,Ryegrass_Clover,0.43,2.0,Dry_Green_g,14.5,2015,5,139,Spring
data/train/ID2052442675.jpg,0.0,2.7,14.5,17.2,14.5,ID2052442675.jpg,ID2052442675__Dry_Total_g,train/ID2052442675.jpg,2015-05-19,Tas,Ryegrass_Clover,0.43,2.0,Dry_Total_g,17.2,2015,5,139,Spring
data/train/ID2052442675.jpg,0.0,2.7,14.5,17.2,14.5,ID2052442675.jpg,ID2052442675__GDM_g,train/ID2052442675.jpg,2015-05-19,Tas,Ryegrass_Clover,0.43,2.0,GDM_g,14.5,2015,5,139,Spring
data/train/ID2052993274.jpg,0.0,1.7764,103.6236,105.4,103.6236,ID2052993274.jpg,ID2052993274__Dry_Clover_g,train/ID2052993274.jpg,2015-02-24,NSW,Phalaris,0.66,32.0,Dry_Clover_g,0.0,2015,2,55,Winter
data/train/ID2052993274.jpg,0.0,1.7764,103.6236,105.4,103.6236,ID2052993274.jpg,ID2052993274__Dry_Dead_g,train/ID2052993274.jpg,2015-02-24,NSW,Phalaris,0.66,32.0,Dry_Dead_g,1.7764,2015,2,55,Winter
data/train/ID2052993274.jpg,0.0,1.7764,103.6236,105.4,103.6236,ID2052993274.jpg,ID2052993274__Dry_Green_g,train/ID2052993274.jpg,2015-02-24,NSW,Phalaris,0.66,32.0,Dry_Green_g,103.6236,2015,2,55,Winter
data/train/ID2052993274.jpg,0.0,1.7764,103.6236,105.4,103.6236,ID2052993274.jpg,ID2052993274__Dry_Total_g,train/ID2052993274.jpg,2015-02-24,NSW,Phalaris,0.66,32.0,Dry_Total_g,105.4,2015,2,55,Winter
data/train/ID2052993274.jpg,0.0,1.7764,103.6236,105.4,103.6236,ID2052993274.jpg,ID2052993274__GDM_g,train/ID2052993274.jpg,2015-02-24,NSW,Phalaris,0.66,32.0,GDM_g,103.6236,2015,2,55,Winter
data/train/ID2053315094.jpg,0.0,17.8111,50.8889,68.7,50.8889,ID2053315094.jpg,ID2053315094__Dry_Clover_g,train/ID2053315094.jpg,2015-02-25,NSW,Fescue,0.57,12.0,Dry_Clover_g,0.0,2015,2,56,Winter
data/train/ID2053315094.jpg,0.0,17.8111,50.8889,68.7,50.8889,ID2053315094.jpg,ID2053315094__Dry_Dead_g,train/ID2053315094.jpg,2015-02-25,NSW,Fescue,0.57,12.0,Dry_Dead_g,17.8111,2015,2,56,Winter
data/train/ID2053315094.jpg,0.0,17.8111,50.8889,68.7,50.8889,ID2053315094.jpg,ID2053315094__Dry_Green_g,train/ID2053315094.jpg,2015-02-25,NSW,Fescue,0.57,12.0,Dry_Green_g,50.8889,2015,2,56,Winter
data/train/ID2053315094.jpg,0.0,17.8111,50.8889,68.7,50.8889,ID2053315094.jpg,ID2053315094__Dry_Total_g,train/ID2053315094.jpg,2015-02-25,NSW,Fescue,0.57,12.0,Dry_Total_g,68.7,2015,2,56,Winter
data/train/ID2053315094.jpg,0.0,17.8111,50.8889,68.7,50.8889,ID2053315094.jpg,ID2053315094__GDM_g,train/ID2053315094.jpg,2015-02-25,NSW,Fescue,0.57,12.0,GDM_g,50.8889,2015,2,56,Winter
data/train/ID2056023629.jpg,0.0,25.1357,57.6643,82.8,57.6643,ID2056023629.jpg,ID2056023629__Dry_Clover_g,train/ID2056023629.jpg,2015-02-25,NSW,Fescue,0.68,12.0,Dry_Clover_g,0.0,2015,2,56,Winter
data/train/ID2056023629.jpg,0.0,25.1357,57.6643,82.8,57.6643,ID2056023629.jpg,ID2056023629__Dry_Dead_g,train/ID2056023629.jpg,2015-02-25,NSW,Fescue,0.68,12.0,Dry_Dead_g,25.1357,2015,2,56,Winter
data/train/ID2056023629.jpg,0.0,25.1357,57.6643,82.8,57.6643,ID2056023629.jpg,ID2056023629__Dry_Green_g,train/ID2056023629.jpg,2015-02-25,NSW,Fescue,0.68,12.0,Dry_Green_g,57.6643,2015,2,56,Winter
data/train/ID2056023629.jpg,0.0,25.1357,57.6643,82.8,57.6643,ID2056023629.jpg,ID2056023629__Dry_Total_g,train/ID2056023629.jpg,2015-02-25,NSW,Fescue,0.68,12.0,Dry_Total_g,82.8,2015,2,56,Winter
data/train/ID2056023629.jpg,0.0,25.1357,57.6643,82.8,57.6643,ID2056023629.jpg,ID2056023629__GDM_g,train/ID2056023629.jpg,2015-02-25,NSW,Fescue,0.68,12.0,GDM_g,57.6643,2015,2,56,Winter
data/train/ID2056982009.jpg,4.0868,1.5598,30.8534,36.5,34.9402,ID2056982009.jpg,ID2056982009__Dry_Clover_g,train/ID2056982009.jpg,2015-09-29,Vic,Ryegrass_Clover,0.72,3.0,Dry_Clover_g,4.0868,2015,9,272,Autumn
data/train/ID2056982009.jpg,4.0868,1.5598,30.8534,36.5,34.9402,ID2056982009.jpg,ID2056982009__Dry_Dead_g,train/ID2056982009.jpg,2015-09-29,Vic,Ryegrass_Clover,0.72,3.0,Dry_Dead_g,1.5598,2015,9,272,Autumn
data/train/ID2056982009.jpg,4.0868,1.5598,30.8534,36.5,34.9402,ID2056982009.jpg,ID2056982009__Dry_Green_g,train/ID2056982009.jpg,2015-09-29,Vic,Ryegrass_Clover,0.72,3.0,Dry_Green_g,30.8534,2015,9,272,Autumn
data/train/ID2056982009.jpg,4.0868,1.5598,30.8534,36.5,34.9402,ID2056982009.jpg,ID2056982009__Dry_Total_g,train/ID2056982009.jpg,2015-09-29,Vic,Ryegrass_Clover,0.72,3.0,Dry_Total_g,36.5,2015,9,272,Autumn
data/train/ID2056982009.jpg,4.0868,1.5598,30.8534,36.5,34.9402,ID2056982009.jpg,ID2056982009__GDM_g,train/ID2056982009.jpg,2015-09-29,Vic,Ryegrass_Clover,0.72,3.0,GDM_g,34.9402,2015,9,272,Autumn
data/train/ID2069766023.jpg,1.8208,32.7742,6.1907,40.7857,8.0115,ID2069766023.jpg,ID2069766023__Dry_Clover_g,train/ID2069766023.jpg,2015-06-26,Tas,Ryegrass_Clover,0.44,5.0,Dry_Clover_g,1.8208,2015,6,177,Summer
data/train/ID2069766023.jpg,1.8208,32.7742,6.1907,40.7857,8.0115,ID2069766023.jpg,ID2069766023__Dry_Dead_g,train/ID2069766023.jpg,2015-06-26,Tas,Ryegrass_Clover,0.44,5.0,Dry_Dead_g,32.7742,2015,6,177,Summer
data/train/ID2069766023.jpg,1.8208,32.7742,6.1907,40.7857,8.0115,ID2069766023.jpg,ID2069766023__Dry_Green_g,train/ID2069766023.jpg,2015-06-26,Tas,Ryegrass_Clover,0.44,5.0,Dry_Green_g,6.1907,2015,6,177,Summer
data/train/ID2069766023.jpg,1.8208,32.7742,6.1907,40.7857,8.0115,ID2069766023.jpg,ID2069766023__Dry_Total_g,train/ID2069766023.jpg,2015-06-26,Tas,Ryegrass_Clover,0.44,5.0,Dry_Total_g,40.7857,2015,6,177,Summer
data/train/ID2069766023.jpg,1.8208,32.7742,6.1907,40.7857,8.0115,ID2069766023.jpg,ID2069766023__GDM_g,train/ID2069766023.jpg,2015-06-26,Tas,Ryegrass_Clover,0.44,5.0,GDM_g,8.0115,2015,6,177,Summer
data/train/ID2086966681.jpg,3.804,30.7245,1.7557,36.2842,5.5597,ID2086966681.jpg,ID2086966681__Dry_Clover_g,train/ID2086966681.jpg,2015-06-29,Tas,WhiteClover,0.57,3.0,Dry_Clover_g,3.804,2015,6,180,Summer
data/train/ID2086966681.jpg,3.804,30.7245,1.7557,36.2842,5.5597,ID2086966681.jpg,ID2086966681__Dry_Dead_g,train/ID2086966681.jpg,2015-06-29,Tas,WhiteClover,0.57,3.0,Dry_Dead_g,30.7245,2015,6,180,Summer
data/train/ID2086966681.jpg,3.804,30.7245,1.7557,36.2842,5.5597,ID2086966681.jpg,ID2086966681__Dry_Green_g,train/ID2086966681.jpg,2015-06-29,Tas,WhiteClover,0.57,3.0,Dry_Green_g,1.7557,2015,6,180,Summer
data/train/ID2086966681.jpg,3.804,30.7245,1.7557,36.2842,5.5597,ID2086966681.jpg,ID2086966681__Dry_Total_g,train/ID2086966681.jpg,2015-06-29,Tas,WhiteClover,0.57,3.0,Dry_Total_g,36.2842,2015,6,180,Summer
data/train/ID2086966681.jpg,3.804,30.7245,1.7557,36.2842,5.5597,ID2086966681.jpg,ID2086966681__GDM_g,train/ID2086966681.jpg,2015-06-29,Tas,WhiteClover,0.57,3.0,GDM_g,5.5597,2015,6,180,Summer
data/train/ID2089023774.jpg,17.5189,1.3042,33.4869,52.31,51.0058,ID2089023774.jpg,ID2089023774__Dry_Clover_g,train/ID2089023774.jpg,2015-09-29,Vic,Ryegrass_Clover,0.81,5.0,Dry_Clover_g,17.5189,2015,9,272,Autumn
data/train/ID2089023774.jpg,17.5189,1.3042,33.4869,52.31,51.0058,ID2089023774.jpg,ID2089023774__Dry_Dead_g,train/ID2089023774.jpg,2015-09-29,Vic,Ryegrass_Clover,0.81,5.0,Dry_Dead_g,1.3042,2015,9,272,Autumn
data/train/ID2089023774.jpg,17.5189,1.3042,33.4869,52.31,51.0058,ID2089023774.jpg,ID2089023774__Dry_Green_g,train/ID2089023774.jpg,2015-09-29,Vic,Ryegrass_Clover,0.81,5.0,Dry_Green_g,33.4869,2015,9,272,Autumn
data/train/ID2089023774.jpg,17.5189,1.3042,33.4869,52.31,51.0058,ID2089023774.jpg,ID2089023774__Dry_Total_g,train/ID2089023774.jpg,2015-09-29,Vic,Ryegrass_Clover,0.81,5.0,Dry_Total_g,52.31,2015,9,272,Autumn
data/train/ID2089023774.jpg,17.5189,1.3042,33.4869,52.31,51.0058,ID2089023774.jpg,ID2089023774__GDM_g,train/ID2089023774.jpg,2015-09-29,Vic,Ryegrass_Clover,0.81,5.0,GDM_g,51.0058,2015,9,272,Autumn
data/train/ID2091439402.jpg,1.0962,4.9327,22.4712,28.5,23.5673,ID2091439402.jpg,ID2091439402__Dry_Clover_g,train/ID2091439402.jpg,2015-06-26,Vic,Phalaris_Ryegrass_Clover,0.82,3.5,Dry_Clover_g,1.0962,2015,6,177,Summer
data/train/ID2091439402.jpg,1.0962,4.9327,22.4712,28.5,23.5673,ID2091439402.jpg,ID2091439402__Dry_Dead_g,train/ID2091439402.jpg,2015-06-26,Vic,Phalaris_Ryegrass_Clover,0.82,3.5,Dry_Dead_g,4.9327,2015,6,177,Summer
data/train/ID2091439402.jpg,1.0962,4.9327,22.4712,28.5,23.5673,ID2091439402.jpg,ID2091439402__Dry_Green_g,train/ID2091439402.jpg,2015-06-26,Vic,Phalaris_Ryegrass_Clover,0.82,3.5,Dry_Green_g,22.4712,2015,6,177,Summer
data/train/ID2091439402.jpg,1.0962,4.9327,22.4712,28.5,23.5673,ID2091439402.jpg,ID2091439402__Dry_Total_g,train/ID2091439402.jpg,2015-06-26,Vic,Phalaris_Ryegrass_Clover,0.82,3.5,Dry_Total_g,28.5,2015,6,177,Summer
data/train/ID2091439402.jpg,1.0962,4.9327,22.4712,28.5,23.5673,ID2091439402.jpg,ID2091439402__GDM_g,train/ID2091439402.jpg,2015-06-26,Vic,Phalaris_Ryegrass_Clover,0.82,3.5,GDM_g,23.5673,2015,6,177,Summer
data/train/ID2096636211.jpg,2.6,32.2,11.4,46.2,14.0,ID2096636211.jpg,ID2096636211__Dry_Clover_g,train/ID2096636211.jpg,2015-10-13,Vic,Phalaris_BarleyGrass_SilverGrass_SpearGrass_Clover_Capeweed,0.38,2.8,Dry_Clover_g,2.6,2015,10,286,Autumn
data/train/ID2096636211.jpg,2.6,32.2,11.4,46.2,14.0,ID2096636211.jpg,ID2096636211__Dry_Dead_g,train/ID2096636211.jpg,2015-10-13,Vic,Phalaris_BarleyGrass_SilverGrass_SpearGrass_Clover_Capeweed,0.38,2.8,Dry_Dead_g,32.2,2015,10,286,Autumn
data/train/ID2096636211.jpg,2.6,32.2,11.4,46.2,14.0,ID2096636211.jpg,ID2096636211__Dry_Green_g,train/ID2096636211.jpg,2015-10-13,Vic,Phalaris_BarleyGrass_SilverGrass_SpearGrass_Clover_Capeweed,0.38,2.8,Dry_Green_g,11.4,2015,10,286,Autumn
data/train/ID2096636211.jpg,2.6,32.2,11.4,46.2,14.0,ID2096636211.jpg,ID2096636211__Dry_Total_g,train/ID2096636211.jpg,2015-10-13,Vic,Phalaris_BarleyGrass_SilverGrass_SpearGrass_Clover_Capeweed,0.38,2.8,Dry_Total_g,46.2,2015,10,286,Autumn
data/train/ID2096636211.jpg,2.6,32.2,11.4,46.2,14.0,ID2096636211.jpg,ID2096636211__GDM_g,train/ID2096636211.jpg,2015-10-13,Vic,Phalaris_BarleyGrass_SilverGrass_SpearGrass_Clover_Capeweed,0.38,2.8,GDM_g,14.0,2015,10,286,Autumn
data/train/ID2099464826.jpg,0.0,25.28,69.52,94.8,69.52,ID2099464826.jpg,ID2099464826__Dry_Clover_g,train/ID2099464826.jpg,2015-10-06,NSW,Fescue,0.65,10.6667,Dry_Clover_g,0.0,2015,10,279,Autumn
data/train/ID2099464826.jpg,0.0,25.28,69.52,94.8,69.52,ID2099464826.jpg,ID2099464826__Dry_Dead_g,train/ID2099464826.jpg,2015-10-06,NSW,Fescue,0.65,10.6667,Dry_Dead_g,25.28,2015,10,279,Autumn
data/train/ID2099464826.jpg,0.0,25.28,69.52,94.8,69.52,ID2099464826.jpg,ID2099464826__Dry_Green_g,train/ID2099464826.jpg,2015-10-06,NSW,Fescue,0.65,10.6667,Dry_Green_g,69.52,2015,10,279,Autumn
data/train/ID2099464826.jpg,0.0,25.28,69.52,94.8,69.52,ID2099464826.jpg,ID2099464826__Dry_Total_g,train/ID2099464826.jpg,2015-10-06,NSW,Fescue,0.65,10.6667,Dry_Total_g,94.8,2015,10,279,Autumn
data/train/ID2099464826.jpg,0.0,25.28,69.52,94.8,69.52,ID2099464826.jpg,ID2099464826__GDM_g,train/ID2099464826.jpg,2015-10-06,NSW,Fescue,0.65,10.6667,GDM_g,69.52,2015,10,279,Autumn
data/train/ID2099742797.jpg,4.14,1.38,15.18,20.7,19.32,ID2099742797.jpg,ID2099742797__Dry_Clover_g,train/ID2099742797.jpg,2015-07-02,Vic,Ryegrass_Clover,0.75,2.0,Dry_Clover_g,4.14,2015,7,183,Summer
data/train/ID2099742797.jpg,4.14,1.38,15.18,20.7,19.32,ID2099742797.jpg,ID2099742797__Dry_Dead_g,train/ID2099742797.jpg,2015-07-02,Vic,Ryegrass_Clover,0.75,2.0,Dry_Dead_g,1.38,2015,7,183,Summer
data/train/ID2099742797.jpg,4.14,1.38,15.18,20.7,19.32,ID2099742797.jpg,ID2099742797__Dry_Green_g,train/ID2099742797.jpg,2015-07-02,Vic,Ryegrass_Clover,0.75,2.0,Dry_Green_g,15.18,2015,7,183,Summer
data/train/ID2099742797.jpg,4.14,1.38,15.18,20.7,19.32,ID2099742797.jpg,ID2099742797__Dry_Total_g,train/ID2099742797.jpg,2015-07-02,Vic,Ryegrass_Clover,0.75,2.0,Dry_Total_g,20.7,2015,7,183,Summer
data/train/ID2099742797.jpg,4.14,1.38,15.18,20.7,19.32,ID2099742797.jpg,ID2099742797__GDM_g,train/ID2099742797.jpg,2015-07-02,Vic,Ryegrass_Clover,0.75,2.0,GDM_g,19.32,2015,7,183,Summer
data/train/ID2125100696.jpg,14.8364,4.9455,34.6182,54.4,49.4545,ID2125100696.jpg,ID2125100696__Dry_Clover_g,train/ID2125100696.jpg,2015-08-14,Vic,Phalaris_Clover,0.8,5.0,Dry_Clover_g,14.8364,2015,8,226,Summer
data/train/ID2125100696.jpg,14.8364,4.9455,34.6182,54.4,49.4545,ID2125100696.jpg,ID2125100696__Dry_Dead_g,train/ID2125100696.jpg,2015-08-14,Vic,Phalaris_Clover,0.8,5.0,Dry_Dead_g,4.9455,2015,8,226,Summer
data/train/ID2125100696.jpg,14.8364,4.9455,34.6182,54.4,49.4545,ID2125100696.jpg,ID2125100696__Dry_Green_g,train/ID2125100696.jpg,2015-08-14,Vic,Phalaris_Clover,0.8,5.0,Dry_Green_g,34.6182,2015,8,226,Summer
data/train/ID2125100696.jpg,14.8364,4.9455,34.6182,54.4,49.4545,ID2125100696.jpg,ID2125100696__Dry_Total_g,train/ID2125100696.jpg,2015-08-14,Vic,Phalaris_Clover,0.8,5.0,Dry_Total_g,54.4,2015,8,226,Summer
data/train/ID2125100696.jpg,14.8364,4.9455,34.6182,54.4,49.4545,ID2125100696.jpg,ID2125100696__GDM_g,train/ID2125100696.jpg,2015-08-14,Vic,Phalaris_Clover,0.8,5.0,GDM_g,49.4545,2015,8,226,Summer
data/train/ID2131261930.jpg,6.744,42.7122,31.4721,80.9283,38.2161,ID2131261930.jpg,ID2131261930__Dry_Clover_g,train/ID2131261930.jpg,2015-11-09,Tas,Ryegrass_Clover,0.73,4.5,Dry_Clover_g,6.744,2015,11,313,Autumn
data/train/ID2131261930.jpg,6.744,42.7122,31.4721,80.9283,38.2161,ID2131261930.jpg,ID2131261930__Dry_Dead_g,train/ID2131261930.jpg,2015-11-09,Tas,Ryegrass_Clover,0.73,4.5,Dry_Dead_g,42.7122,2015,11,313,Autumn
data/train/ID2131261930.jpg,6.744,42.7122,31.4721,80.9283,38.2161,ID2131261930.jpg,ID2131261930__Dry_Green_g,train/ID2131261930.jpg,2015-11-09,Tas,Ryegrass_Clover,0.73,4.5,Dry_Green_g,31.4721,2015,11,313,Autumn
data/train/ID2131261930.jpg,6.744,42.7122,31.4721,80.9283,38.2161,ID2131261930.jpg,ID2131261930__Dry_Total_g,train/ID2131261930.jpg,2015-11-09,Tas,Ryegrass_Clover,0.73,4.5,Dry_Total_g,80.9283,2015,11,313,Autumn
data/train/ID2131261930.jpg,6.744,42.7122,31.4721,80.9283,38.2161,ID2131261930.jpg,ID2131261930__GDM_g,train/ID2131261930.jpg,2015-11-09,Tas,Ryegrass_Clover,0.73,4.5,GDM_g,38.2161,2015,11,313,Autumn
data/train/ID2145635095.jpg,0.0,17.5621,22.7022,40.2643,22.7022,ID2145635095.jpg,ID2145635095__Dry_Clover_g,train/ID2145635095.jpg,2015-07-01,Tas,Ryegrass,0.73,6.0,Dry_Clover_g,0.0,2015,7,182,Summer
data/train/ID2145635095.jpg,0.0,17.5621,22.7022,40.2643,22.7022,ID2145635095.jpg,ID2145635095__Dry_Dead_g,train/ID2145635095.jpg,2015-07-01,Tas,Ryegrass,0.73,6.0,Dry_Dead_g,17.5621,2015,7,182,Summer
data/train/ID2145635095.jpg,0.0,17.5621,22.7022,40.2643,22.7022,ID2145635095.jpg,ID2145635095__Dry_Green_g,train/ID2145635095.jpg,2015-07-01,Tas,Ryegrass,0.73,6.0,Dry_Green_g,22.7022,2015,7,182,Summer
data/train/ID2145635095.jpg,0.0,17.5621,22.7022,40.2643,22.7022,ID2145635095.jpg,ID2145635095__Dry_Total_g,train/ID2145635095.jpg,2015-07-01,Tas,Ryegrass,0.73,6.0,Dry_Total_g,40.2643,2015,7,182,Summer
data/train/ID2145635095.jpg,0.0,17.5621,22.7022,40.2643,22.7022,ID2145635095.jpg,ID2145635095__GDM_g,train/ID2145635095.jpg,2015-07-01,Tas,Ryegrass,0.73,6.0,GDM_g,22.7022,2015,7,182,Summer
data/train/ID380752847.jpg,0.0,0.0,58.98,58.98,58.98,ID380752847.jpg,ID380752847__Dry_Clover_g,train/ID380752847.jpg,2015-09-01,WA,Ryegrass,0.81,14.0,Dry_Clover_g,0.0,2015,9,244,Autumn
data/train/ID380752847.jpg,0.0,0.0,58.98,58.98,58.98,ID380752847.jpg,ID380752847__Dry_Dead_g,train/ID380752847.jpg,2015-09-01,WA,Ryegrass,0.81,14.0,Dry_Dead_g,0.0,2015,9,244,Autumn
data/train/ID380752847.jpg,0.0,0.0,58.98,58.98,58.98,ID380752847.jpg,ID380752847__Dry_Green_g,train/ID380752847.jpg,2015-09-01,WA,Ryegrass,0.81,14.0,Dry_Green_g,58.98,2015,9,244,Autumn
data/train/ID380752847.jpg,0.0,0.0,58.98,58.98,58.98,ID380752847.jpg,ID380752847__Dry_Total_g,train/ID380752847.jpg,2015-09-01,WA,Ryegrass,0.81,14.0,Dry_Total_g,58.98,2015,9,244,Autumn
data/train/ID380752847.jpg,0.0,0.0,58.98,58.98,58.98,ID380752847.jpg,ID380752847__GDM_g,train/ID380752847.jpg,2015-09-01,WA,Ryegrass,0.81,14.0,GDM_g,58.98,2015,9,244,Autumn
data/train/ID383231615.jpg,3.1698,5.7057,24.7245,33.6,27.8943,ID383231615.jpg,ID383231615__Dry_Clover_g,train/ID383231615.jpg,2015-06-26,Vic,Phalaris_Ryegrass_Clover,0.86,4.0,Dry_Clover_g,3.1698,2015,6,177,Summer
data/train/ID383231615.jpg,3.1698,5.7057,24.7245,33.6,27.8943,ID383231615.jpg,ID383231615__Dry_Dead_g,train/ID383231615.jpg,2015-06-26,Vic,Phalaris_Ryegrass_Clover,0.86,4.0,Dry_Dead_g,5.7057,2015,6,177,Summer
data/train/ID383231615.jpg,3.1698,5.7057,24.7245,33.6,27.8943,ID383231615.jpg,ID383231615__Dry_Green_g,train/ID383231615.jpg,2015-06-26,Vic,Phalaris_Ryegrass_Clover,0.86,4.0,Dry_Green_g,24.7245,2015,6,177,Summer
data/train/ID383231615.jpg,3.1698,5.7057,24.7245,33.6,27.8943,ID383231615.jpg,ID383231615__Dry_Total_g,train/ID383231615.jpg,2015-06-26,Vic,Phalaris_Ryegrass_Clover,0.86,4.0,Dry_Total_g,33.6,2015,6,177,Summer
data/train/ID383231615.jpg,3.1698,5.7057,24.7245,33.6,27.8943,ID383231615.jpg,ID383231615__GDM_g,train/ID383231615.jpg,2015-06-26,Vic,Phalaris_Ryegrass_Clover,0.86,4.0,GDM_g,27.8943,2015,6,177,Summer
data/train/ID384648061.jpg,0.0,27.7164,157.9836,185.7,157.9836,ID384648061.jpg,ID384648061__Dry_Clover_g,train/ID384648061.jpg,2015-10-06,NSW,Fescue,0.85,14.6667,Dry_Clover_g,0.0,2015,10,279,Autumn
data/train/ID384648061.jpg,0.0,27.7164,157.9836,185.7,157.9836,ID384648061.jpg,ID384648061__Dry_Dead_g,train/ID384648061.jpg,2015-10-06,NSW,Fescue,0.85,14.6667,Dry_Dead_g,27.7164,2015,10,279,Autumn
data/train/ID384648061.jpg,0.0,27.7164,157.9836,185.7,157.9836,ID384648061.jpg,ID384648061__Dry_Green_g,train/ID384648061.jpg,2015-10-06,NSW,Fescue,0.85,14.6667,Dry_Green_g,157.9836,2015,10,279,Autumn
data/train/ID384648061.jpg,0.0,27.7164,157.9836,185.7,157.9836,ID384648061.jpg,ID384648061__Dry_Total_g,train/ID384648061.jpg,2015-10-06,NSW,Fescue,0.85,14.6667,Dry_Total_g,185.7,2015,10,279,Autumn
data/train/ID384648061.jpg,0.0,27.7164,157.9836,185.7,157.9836,ID384648061.jpg,ID384648061__GDM_g,train/ID384648061.jpg,2015-10-06,NSW,Fescue,0.85,14.6667,GDM_g,157.9836,2015,10,279,Autumn
data/train/ID386216505.jpg,3.0667,7.6667,21.4667,32.2,24.5333,ID386216505.jpg,ID386216505__Dry_Clover_g,train/ID386216505.jpg,2015-08-14,Vic,Phalaris_Clover,0.63,4.0,Dry_Clover_g,3.0667,2015,8,226,Summer
data/train/ID386216505.jpg,3.0667,7.6667,21.4667,32.2,24.5333,ID386216505.jpg,ID386216505__Dry_Dead_g,train/ID386216505.jpg,2015-08-14,Vic,Phalaris_Clover,0.63,4.0,Dry_Dead_g,7.6667,2015,8,226,Summer
data/train/ID386216505.jpg,3.0667,7.6667,21.4667,32.2,24.5333,ID386216505.jpg,ID386216505__Dry_Green_g,train/ID386216505.jpg,2015-08-14,Vic,Phalaris_Clover,0.63,4.0,Dry_Green_g,21.4667,2015,8,226,Summer
data/train/ID386216505.jpg,3.0667,7.6667,21.4667,32.2,24.5333,ID386216505.jpg,ID386216505__Dry_Total_g,train/ID386216505.jpg,2015-08-14,Vic,Phalaris_Clover,0.63,4.0,Dry_Total_g,32.2,2015,8,226,Summer
data/train/ID386216505.jpg,3.0667,7.6667,21.4667,32.2,24.5333,ID386216505.jpg,ID386216505__GDM_g,train/ID386216505.jpg,2015-08-14,Vic,Phalaris_Clover,0.63,4.0,GDM_g,24.5333,2015,8,226,Summer
data/train/ID397994621.jpg,0.0,0.0,81.0,81.0,81.0,ID397994621.jpg,ID397994621__Dry_Clover_g,train/ID397994621.jpg,2015-05-07,NSW,Fescue,0.86,9.0,Dry_Clover_g,0.0,2015,5,127,Spring
data/train/ID397994621.jpg,0.0,0.0,81.0,81.0,81.0,ID397994621.jpg,ID397994621__Dry_Dead_g,train/ID397994621.jpg,2015-05-07,NSW,Fescue,0.86,9.0,Dry_Dead_g,0.0,2015,5,127,Spring
data/train/ID397994621.jpg,0.0,0.0,81.0,81.0,81.0,ID397994621.jpg,ID397994621__Dry_Green_g,train/ID397994621.jpg,2015-05-07,NSW,Fescue,0.86,9.0,Dry_Green_g,81.0,2015,5,127,Spring
data/train/ID397994621.jpg,0.0,0.0,81.0,81.0,81.0,ID397994621.jpg,ID397994621__Dry_Total_g,train/ID397994621.jpg,2015-05-07,NSW,Fescue,0.86,9.0,Dry_Total_g,81.0,2015,5,127,Spring
data/train/ID397994621.jpg,0.0,0.0,81.0,81.0,81.0,ID397994621.jpg,ID397994621__GDM_g,train/ID397994621.jpg,2015-05-07,NSW,Fescue,0.86,9.0,GDM_g,81.0,2015,5,127,Spring
data/train/ID407646960.jpg,0.0,35.5862,71.9138,107.5,71.9138,ID407646960.jpg,ID407646960__Dry_Clover_g,train/ID407646960.jpg,2015-02-25,NSW,Fescue,0.59,11.0,Dry_Clover_g,0.0,2015,2,56,Winter
data/train/ID407646960.jpg,0.0,35.5862,71.9138,107.5,71.9138,ID407646960.jpg,ID407646960__Dry_Dead_g,train/ID407646960.jpg,2015-02-25,NSW,Fescue,0.59,11.0,Dry_Dead_g,35.5862,2015,2,56,Winter
data/train/ID407646960.jpg,0.0,35.5862,71.9138,107.5,71.9138,ID407646960.jpg,ID407646960__Dry_Green_g,train/ID407646960.jpg,2015-02-25,NSW,Fescue,0.59,11.0,Dry_Green_g,71.9138,2015,2,56,Winter
data/train/ID407646960.jpg,0.0,35.5862,71.9138,107.5,71.9138,ID407646960.jpg,ID407646960__Dry_Total_g,train/ID407646960.jpg,2015-02-25,NSW,Fescue,0.59,11.0,Dry_Total_g,107.5,2015,2,56,Winter
data/train/ID407646960.jpg,0.0,35.5862,71.9138,107.5,71.9138,ID407646960.jpg,ID407646960__GDM_g,train/ID407646960.jpg,2015-02-25,NSW,Fescue,0.59,11.0,GDM_g,71.9138,2015,2,56,Winter
data/train/ID415656958.jpg,1.0707,11.2424,4.8182,17.1313,5.8889,ID415656958.jpg,ID415656958__Dry_Clover_g,train/ID415656958.jpg,2015-06-26,Vic,Ryegrass,0.71,4.0,Dry_Clover_g,1.0707,2015,6,177,Summer
data/train/ID415656958.jpg,1.0707,11.2424,4.8182,17.1313,5.8889,ID415656958.jpg,ID415656958__Dry_Dead_g,train/ID415656958.jpg,2015-06-26,Vic,Ryegrass,0.71,4.0,Dry_Dead_g,11.2424,2015,6,177,Summer
data/train/ID415656958.jpg,1.0707,11.2424,4.8182,17.1313,5.8889,ID415656958.jpg,ID415656958__Dry_Green_g,train/ID415656958.jpg,2015-06-26,Vic,Ryegrass,0.71,4.0,Dry_Green_g,4.8182,2015,6,177,Summer
data/train/ID415656958.jpg,1.0707,11.2424,4.8182,17.1313,5.8889,ID415656958.jpg,ID415656958__Dry_Total_g,train/ID415656958.jpg,2015-06-26,Vic,Ryegrass,0.71,4.0,Dry_Total_g,17.1313,2015,6,177,Summer
data/train/ID415656958.jpg,1.0707,11.2424,4.8182,17.1313,5.8889,ID415656958.jpg,ID415656958__GDM_g,train/ID415656958.jpg,2015-06-26,Vic,Ryegrass,0.71,4.0,GDM_g,5.8889,2015,6,177,Summer
data/train/ID423506847.jpg,0.9821,10.8036,43.2143,55.0,44.1964,ID423506847.jpg,ID423506847__Dry_Clover_g,train/ID423506847.jpg,2015-08-18,Vic,Phalaris_Clover,0.84,5.0,Dry_Clover_g,0.9821,2015,8,230,Summer
data/train/ID423506847.jpg,0.9821,10.8036,43.2143,55.0,44.1964,ID423506847.jpg,ID423506847__Dry_Dead_g,train/ID423506847.jpg,2015-08-18,Vic,Phalaris_Clover,0.84,5.0,Dry_Dead_g,10.8036,2015,8,230,Summer
data/train/ID423506847.jpg,0.9821,10.8036,43.2143,55.0,44.1964,ID423506847.jpg,ID423506847__Dry_Green_g,train/ID423506847.jpg,2015-08-18,Vic,Phalaris_Clover,0.84,5.0,Dry_Green_g,43.2143,2015,8,230,Summer
data/train/ID423506847.jpg,0.9821,10.8036,43.2143,55.0,44.1964,ID423506847.jpg,ID423506847__Dry_Total_g,train/ID423506847.jpg,2015-08-18,Vic,Phalaris_Clover,0.84,5.0,Dry_Total_g,55.0,2015,8,230,Summer
data/train/ID423506847.jpg,0.9821,10.8036,43.2143,55.0,44.1964,ID423506847.jpg,ID423506847__GDM_g,train/ID423506847.jpg,2015-08-18,Vic,Phalaris_Clover,0.84,5.0,GDM_g,44.1964,2015,8,230,Summer
data/train/ID429799190.jpg,5.9241,21.8114,16.9645,44.7,22.8886,ID429799190.jpg,ID429799190__Dry_Clover_g,train/ID429799190.jpg,2015-10-13,Vic,Phalaris_BarleyGrass_SilverGrass_SpearGrass_Clover_Capeweed,0.44,4.5,Dry_Clover_g,5.9241,2015,10,286,Autumn
data/train/ID429799190.jpg,5.9241,21.8114,16.9645,44.7,22.8886,ID429799190.jpg,ID429799190__Dry_Dead_g,train/ID429799190.jpg,2015-10-13,Vic,Phalaris_BarleyGrass_SilverGrass_SpearGrass_Clover_Capeweed,0.44,4.5,Dry_Dead_g,21.8114,2015,10,286,Autumn
data/train/ID429799190.jpg,5.9241,21.8114,16.9645,44.7,22.8886,ID429799190.jpg,ID429799190__Dry_Green_g,train/ID429799190.jpg,2015-10-13,Vic,Phalaris_BarleyGrass_SilverGrass_SpearGrass_Clover_Capeweed,0.44,4.5,Dry_Green_g,16.9645,2015,10,286,Autumn
data/train/ID429799190.jpg,5.9241,21.8114,16.9645,44.7,22.8886,ID429799190.jpg,ID429799190__Dry_Total_g,train/ID429799190.jpg,2015-10-13,Vic,Phalaris_BarleyGrass_SilverGrass_SpearGrass_Clover_Capeweed,0.44,4.5,Dry_Total_g,44.7,2015,10,286,Autumn
data/train/ID429799190.jpg,5.9241,21.8114,16.9645,44.7,22.8886,ID429799190.jpg,ID429799190__GDM_g,train/ID429799190.jpg,2015-10-13,Vic,Phalaris_BarleyGrass_SilverGrass_SpearGrass_Clover_Capeweed,0.44,4.5,GDM_g,22.8886,2015,10,286,Autumn
data/train/ID431471530.jpg,0.0,1.2764,45.5236,46.8,45.5236,ID431471530.jpg,ID431471530__Dry_Clover_g,train/ID431471530.jpg,2015-04-01,NSW,Lucerne,0.78,32.0,Dry_Clover_g,0.0,2015,4,91,Spring
data/train/ID431471530.jpg,0.0,1.2764,45.5236,46.8,45.5236,ID431471530.jpg,ID431471530__Dry_Dead_g,train/ID431471530.jpg,2015-04-01,NSW,Lucerne,0.78,32.0,Dry_Dead_g,1.2764,2015,4,91,Spring
data/train/ID431471530.jpg,0.0,1.2764,45.5236,46.8,45.5236,ID431471530.jpg,ID431471530__Dry_Green_g,train/ID431471530.jpg,2015-04-01,NSW,Lucerne,0.78,32.0,Dry_Green_g,45.5236,2015,4,91,Spring
data/train/ID431471530.jpg,0.0,1.2764,45.5236,46.8,45.5236,ID431471530.jpg,ID431471530__Dry_Total_g,train/ID431471530.jpg,2015-04-01,NSW,Lucerne,0.78,32.0,Dry_Total_g,46.8,2015,4,91,Spring
data/train/ID431471530.jpg,0.0,1.2764,45.5236,46.8,45.5236,ID431471530.jpg,ID431471530__GDM_g,train/ID431471530.jpg,2015-04-01,NSW,Lucerne,0.78,32.0,GDM_g,45.5236,2015,4,91,Spring
data/train/ID443091455.jpg,22.2594,11.9858,26.2547,60.5,48.5142,ID443091455.jpg,ID443091455__Dry_Clover_g,train/ID443091455.jpg,2015-10-14,Vic,Phalaris_Clover_Ryegrass_Barleygrass_Bromegrass,0.66,4.6667,Dry_Clover_g,22.2594,2015,10,287,Autumn
data/train/ID443091455.jpg,22.2594,11.9858,26.2547,60.5,48.5142,ID443091455.jpg,ID443091455__Dry_Dead_g,train/ID443091455.jpg,2015-10-14,Vic,Phalaris_Clover_Ryegrass_Barleygrass_Bromegrass,0.66,4.6667,Dry_Dead_g,11.9858,2015,10,287,Autumn
data/train/ID443091455.jpg,22.2594,11.9858,26.2547,60.5,48.5142,ID443091455.jpg,ID443091455__Dry_Green_g,train/ID443091455.jpg,2015-10-14,Vic,Phalaris_Clover_Ryegrass_Barleygrass_Bromegrass,0.66,4.6667,Dry_Green_g,26.2547,2015,10,287,Autumn
data/train/ID443091455.jpg,22.2594,11.9858,26.2547,60.5,48.5142,ID443091455.jpg,ID443091455__Dry_Total_g,train/ID443091455.jpg,2015-10-14,Vic,Phalaris_Clover_Ryegrass_Barleygrass_Bromegrass,0.66,4.6667,Dry_Total_g,60.5,2015,10,287,Autumn
data/train/ID443091455.jpg,22.2594,11.9858,26.2547,60.5,48.5142,ID443091455.jpg,ID443091455__GDM_g,train/ID443091455.jpg,2015-10-14,Vic,Phalaris_Clover_Ryegrass_Barleygrass_Bromegrass,0.66,4.6667,GDM_g,48.5142,2015,10,287,Autumn
data/train/ID471758347.jpg,0.0,3.3222,26.5778,29.9,26.5778,ID471758347.jpg,ID471758347__Dry_Clover_g,train/ID471758347.jpg,2015-08-14,Vic,Phalaris_Clover,0.74,6.0,Dry_Clover_g,0.0,2015,8,226,Summer
data/train/ID471758347.jpg,0.0,3.3222,26.5778,29.9,26.5778,ID471758347.jpg,ID471758347__Dry_Dead_g,train/ID471758347.jpg,2015-08-14,Vic,Phalaris_Clover,0.74,6.0,Dry_Dead_g,3.3222,2015,8,226,Summer
data/train/ID471758347.jpg,0.0,3.3222,26.5778,29.9,26.5778,ID471758347.jpg,ID471758347__Dry_Green_g,train/ID471758347.jpg,2015-08-14,Vic,Phalaris_Clover,0.74,6.0,Dry_Green_g,26.5778,2015,8,226,Summer
data/train/ID471758347.jpg,0.0,3.3222,26.5778,29.9,26.5778,ID471758347.jpg,ID471758347__Dry_Total_g,train/ID471758347.jpg,2015-08-14,Vic,Phalaris_Clover,0.74,6.0,Dry_Total_g,29.9,2015,8,226,Summer
data/train/ID471758347.jpg,0.0,3.3222,26.5778,29.9,26.5778,ID471758347.jpg,ID471758347__GDM_g,train/ID471758347.jpg,2015-08-14,Vic,Phalaris_Clover,0.74,6.0,GDM_g,26.5778,2015,8,226,Summer
data/train/ID473494649.jpg,10.88,0.0,0.0,10.88,10.88,ID473494649.jpg,ID473494649__Dry_Clover_g,train/ID473494649.jpg,2015-09-01,WA,SubcloverDalkeith,0.54,1.0,Dry_Clover_g,10.88,2015,9,244,Autumn
data/train/ID473494649.jpg,10.88,0.0,0.0,10.88,10.88,ID473494649.jpg,ID473494649__Dry_Dead_g,train/ID473494649.jpg,2015-09-01,WA,SubcloverDalkeith,0.54,1.0,Dry_Dead_g,0.0,2015,9,244,Autumn
data/train/ID473494649.jpg,10.88,0.0,0.0,10.88,10.88,ID473494649.jpg,ID473494649__Dry_Green_g,train/ID473494649.jpg,2015-09-01,WA,SubcloverDalkeith,0.54,1.0,Dry_Green_g,0.0,2015,9,244,Autumn
data/train/ID473494649.jpg,10.88,0.0,0.0,10.88,10.88,ID473494649.jpg,ID473494649__Dry_Total_g,train/ID473494649.jpg,2015-09-01,WA,SubcloverDalkeith,0.54,1.0,Dry_Total_g,10.88,2015,9,244,Autumn
data/train/ID473494649.jpg,10.88,0.0,0.0,10.88,10.88,ID473494649.jpg,ID473494649__GDM_g,train/ID473494649.jpg,2015-09-01,WA,SubcloverDalkeith,0.54,1.0,GDM_g,10.88,2015,9,244,Autumn
data/train/ID475010202.jpg,36.76,0.0,0.0,36.76,36.76,ID475010202.jpg,ID475010202__Dry_Clover_g,train/ID475010202.jpg,2015-09-01,WA,SubcloverLosa,0.71,1.0,Dry_Clover_g,36.76,2015,9,244,Autumn
data/train/ID475010202.jpg,36.76,0.0,0.0,36.76,36.76,ID475010202.jpg,ID475010202__Dry_Dead_g,train/ID475010202.jpg,2015-09-01,WA,SubcloverLosa,0.71,1.0,Dry_Dead_g,0.0,2015,9,244,Autumn
data/train/ID475010202.jpg,36.76,0.0,0.0,36.76,36.76,ID475010202.jpg,ID475010202__Dry_Green_g,train/ID475010202.jpg,2015-09-01,WA,SubcloverLosa,0.71,1.0,Dry_Green_g,0.0,2015,9,244,Autumn
data/train/ID475010202.jpg,36.76,0.0,0.0,36.76,36.76,ID475010202.jpg,ID475010202__Dry_Total_g,train/ID475010202.jpg,2015-09-01,WA,SubcloverLosa,0.71,1.0,Dry_Total_g,36.76,2015,9,244,Autumn
data/train/ID475010202.jpg,36.76,0.0,0.0,36.76,36.76,ID475010202.jpg,ID475010202__GDM_g,train/ID475010202.jpg,2015-09-01,WA,SubcloverLosa,0.71,1.0,GDM_g,36.76,2015,9,244,Autumn
data/train/ID482555369.jpg,0.0,15.9,2.5,18.4,2.5,ID482555369.jpg,ID482555369__Dry_Clover_g,train/ID482555369.jpg,2015-07-01,Tas,Ryegrass,0.34,3.0,Dry_Clover_g,0.0,2015,7,182,Summer
data/train/ID482555369.jpg,0.0,15.9,2.5,18.4,2.5,ID482555369.jpg,ID482555369__Dry_Dead_g,train/ID482555369.jpg,2015-07-01,Tas,Ryegrass,0.34,3.0,Dry_Dead_g,15.9,2015,7,182,Summer
data/train/ID482555369.jpg,0.0,15.9,2.5,18.4,2.5,ID482555369.jpg,ID482555369__Dry_Green_g,train/ID482555369.jpg,2015-07-01,Tas,Ryegrass,0.34,3.0,Dry_Green_g,2.5,2015,7,182,Summer
data/train/ID482555369.jpg,0.0,15.9,2.5,18.4,2.5,ID482555369.jpg,ID482555369__Dry_Total_g,train/ID482555369.jpg,2015-07-01,Tas,Ryegrass,0.34,3.0,Dry_Total_g,18.4,2015,7,182,Summer
data/train/ID482555369.jpg,0.0,15.9,2.5,18.4,2.5,ID482555369.jpg,ID482555369__GDM_g,train/ID482555369.jpg,2015-07-01,Tas,Ryegrass,0.34,3.0,GDM_g,2.5,2015,7,182,Summer
data/train/ID488873801.jpg,0.7552,8.3076,22.9088,31.9716,23.664,ID488873801.jpg,ID488873801__Dry_Clover_g,train/ID488873801.jpg,2015-06-26,Tas,Ryegrass_Clover,0.62,2.0,Dry_Clover_g,0.7552,2015,6,177,Summer
data/train/ID488873801.jpg,0.7552,8.3076,22.9088,31.9716,23.664,ID488873801.jpg,ID488873801__Dry_Dead_g,train/ID488873801.jpg,2015-06-26,Tas,Ryegrass_Clover,0.62,2.0,Dry_Dead_g,8.3076,2015,6,177,Summer
data/train/ID488873801.jpg,0.7552,8.3076,22.9088,31.9716,23.664,ID488873801.jpg,ID488873801__Dry_Green_g,train/ID488873801.jpg,2015-06-26,Tas,Ryegrass_Clover,0.62,2.0,Dry_Green_g,22.9088,2015,6,177,Summer
data/train/ID488873801.jpg,0.7552,8.3076,22.9088,31.9716,23.664,ID488873801.jpg,ID488873801__Dry_Total_g,train/ID488873801.jpg,2015-06-26,Tas,Ryegrass_Clover,0.62,2.0,Dry_Total_g,31.9716,2015,6,177,Summer
data/train/ID488873801.jpg,0.7552,8.3076,22.9088,31.9716,23.664,ID488873801.jpg,ID488873801__GDM_g,train/ID488873801.jpg,2015-06-26,Tas,Ryegrass_Clover,0.62,2.0,GDM_g,23.664,2015,6,177,Summer
data/train/ID490139972.jpg,0.0,9.9537,35.9864,45.9401,35.9864,ID490139972.jpg,ID490139972__Dry_Clover_g,train/ID490139972.jpg,2015-05-18,Tas,Ryegrass,0.79,9.0,Dry_Clover_g,0.0,2015,5,138,Spring
data/train/ID490139972.jpg,0.0,9.9537,35.9864,45.9401,35.9864,ID490139972.jpg,ID490139972__Dry_Dead_g,train/ID490139972.jpg,2015-05-18,Tas,Ryegrass,0.79,9.0,Dry_Dead_g,9.9537,2015,5,138,Spring
data/train/ID490139972.jpg,0.0,9.9537,35.9864,45.9401,35.9864,ID490139972.jpg,ID490139972__Dry_Green_g,train/ID490139972.jpg,2015-05-18,Tas,Ryegrass,0.79,9.0,Dry_Green_g,35.9864,2015,5,138,Spring
data/train/ID490139972.jpg,0.0,9.9537,35.9864,45.9401,35.9864,ID490139972.jpg,ID490139972__Dry_Total_g,train/ID490139972.jpg,2015-05-18,Tas,Ryegrass,0.79,9.0,Dry_Total_g,45.9401,2015,5,138,Spring
data/train/ID490139972.jpg,0.0,9.9537,35.9864,45.9401,35.9864,ID490139972.jpg,ID490139972__GDM_g,train/ID490139972.jpg,2015-05-18,Tas,Ryegrass,0.79,9.0,GDM_g,35.9864,2015,5,138,Spring
data/train/ID498304885.jpg,0.0,7.4132,22.4868,29.9,22.4868,ID498304885.jpg,ID498304885__Dry_Clover_g,train/ID498304885.jpg,2015-05-07,NSW,Lucerne,0.67,24.0,Dry_Clover_g,0.0,2015,5,127,Spring
data/train/ID498304885.jpg,0.0,7.4132,22.4868,29.9,22.4868,ID498304885.jpg,ID498304885__Dry_Dead_g,train/ID498304885.jpg,2015-05-07,NSW,Lucerne,0.67,24.0,Dry_Dead_g,7.4132,2015,5,127,Spring
data/train/ID498304885.jpg,0.0,7.4132,22.4868,29.9,22.4868,ID498304885.jpg,ID498304885__Dry_Green_g,train/ID498304885.jpg,2015-05-07,NSW,Lucerne,0.67,24.0,Dry_Green_g,22.4868,2015,5,127,Spring
data/train/ID498304885.jpg,0.0,7.4132,22.4868,29.9,22.4868,ID498304885.jpg,ID498304885__Dry_Total_g,train/ID498304885.jpg,2015-05-07,NSW,Lucerne,0.67,24.0,Dry_Total_g,29.9,2015,5,127,Spring
data/train/ID498304885.jpg,0.0,7.4132,22.4868,29.9,22.4868,ID498304885.jpg,ID498304885__GDM_g,train/ID498304885.jpg,2015-05-07,NSW,Lucerne,0.67,24.0,GDM_g,22.4868,2015,5,127,Spring
